idCommune;Code postal;Commune;Code departement
1;1370;SAINT-ETIENNE-DU-BOIS;1
2;1170;CHEVRY;1
3;1220;DIVONNE-LES-BAINS;1
4;1630;PERON;1
5;1200;VALSERHONE;1
6;1350;CULOZ;1
7;1630;ST-GENIS-POUILLY;1
8;1100;OYONNAX;1
9;1130;ST-GERMAIN-DE-JOUX;1
10;1170;GEX;1
11;1500;AMBERIEU-EN-BUGEY;1
12;1170;CESSY;1
13;1150;SAULT-BRENAZ;1
14;1210;FERNEY-VOLTAIRE;1
15;1170;SEGNY;1
16;1150;LAGNIEU;1
17;1130;LE POIZAT-LALLEYRIAT;1
18;1300;BELLEY;1
19;1210;ORNEX;1
20;1590;DORTAN;1
21;1280;PREVESSIN-MOENS;1
22;1110;BRENOD;1
23;1640;SAINT-JEAN-LE-VIEUX;1
24;1130;NANTUA;1
25;1500;SAINT-DENIS-EN-BUGEY;1
26;1710;THOIRY;1
27;1100;BELLIGNAT;1
28;1110;PLATEAU D'HAUTEVILLE;1
29;1410;LELEX;1
30;1170;VESANCY;1
31;1580;IZERNORE;1
32;1170;ECHENEVEX;1
33;1210;VERSONNEX;1
34;1150;SAINT-VULBAS;1
35;1550;COLLONGES;1
36;1260;CHAMPAGNE-EN-VALROMEY;1
37;1640;JUJURIEUX;1
38;1580;MATAFELON-GRANGES;1
39;1260;HAUT-VALROMEY;1
40;1100;ARBENT;1
41;1360;LOYETTES;1
42;1410;MIJOUX;1
43;1630;SERGY;1
44;1550;FARGES;1
45;1170;CROZET;1
46;1330;VILLARS-LES-DOMBES;1
47;1800;MEXIMIEUX;1
48;1090;MONTCEAUX;1
49;1120;MONTLUEL;1
50;1480;JASSANS-RIOTTIER;1
51;1480;BEAUREGARD;1
52;1120;DAGNEUX;1
53;1390;MIONNAY;1
54;1800;VILLIEU-LOYES-MOLLON;1
55;2300;CHAUNY;2
56;2000;LAON;2
57;2800;LA FERE;2
58;2000;URCEL;2
59;2410;SAINT GOBAIN;2
60;2700;TERGNIER;2
61;2670;FOLEMBRAY;2
62;2100;SAINT QUENTIN;2
63;2200;SOISSONS;2
64;2200;COURMELLES;2
65;2290;VIC SUR AISNE;2
66;2600;VILLERS-COTTERETS;2
67;2600;LARGNY SUR AUTOMNE;2
68;2880;NANTEUIL LA FOSSE;2
69;2370;VAILLY-SUR-AISNE;2
70;2600;COEUVRES ET VALSERY;2
71;2200;BELLEU;2
72;2400;CHATEAU THIERRY;2
73;2130;FERE EN TARDENOIS;2
74;3000;MOULINS;3
75;3400;YZEURE;3
76;3300;CUSSET;3
77;3200;VICHY;3
78;4200;SISTERON;4
79;4500;RIEZ;4
80;4400;ENCHASTRAYES;4
81;4160;CHATEAU-ARNOUX-SAINT-AUBAN;4
82;4000;DIGNE-LES-BAINS;4
83;4140;MONTCLAR;4
84;4260;ALLOS;4
85;4120;CASTELLANE;4
86;4850;JAUSIERS;4
87;4340;LE LAUZET UBAYE;4
88;4140;SEYNE;4
89;4500;SAINTE CROIX DU VERDON;4
90;4400;FAUCON-DE-BARCELONNETTE;4
91;4400;BARCELONNETTE;4
92;4800;GREOUX-LES-BAINS;4
93;4800;SAINT-MARTIN-DE-BROMES;4
94;4200;PEIPIN;4
95;4130;VOLX;4
96;4300;FORCALQUIER;4
97;4140;SELONNET;4
98;4100;MANOSQUE;4
99;4400;UVERNET-FOURS;4
100;4200;NOYERS-SUR-JABRON;4
101;4300;PIERRERUE;4
102;4700;ORAISON;4
103;4160;L ESCALE;4
104;4180;VILLENEUVE;4
105;4210;VALENSOLE;4
106;4290;VOLONNE;4
107;4220;SAINTE-TULLE;4
108;4230;SAINT-ETIENNE-LES-ORGUES;4
109;4120;DEMANDOLX;4
110;4330;BARREME;4
111;5300;LARAGNE-MONTEGLIN;5
112;5260;SAINT-MICHEL-DE-CHAILLOL;5
113;5230;MONTGARDIN;5
114;5560;VARS;5
115;5200;EMBRUN;5
116;5200;SAINT-SAUVEUR;5
117;5100;BRIANCON;5
118;5170;ORCIERES;5
119;5340;VALLOUISE-PELVOUX;5
120;5120;L'ARGENTIERE-LA-BESSEE;5
121;5000;GAP;5
122;5250;LE DEVOLUY;5
123;5800;LA CHAPELLE-EN-VALGAUDEMAR;5
124;5460;ABRIES-RISTOLAS;5
125;5240;LA SALLE;5
126;5400;VEYNES;5
127;5260;ANCELLE;5
128;5200;LES ORRES;5
129;5700;SERRES;5
130;5600;RISOUL;5
131;5230;CHORGES;5
132;5290;PUY SAINT VINCENT;5
133;5500;SAINT-BONNET-EN-CHAMPSAUR;5
134;5100;NEVACHE;5
135;5220;LE MONETIER-LES-BAINS;5
136;5230;LA BATIE NEUVE;5
137;5600;GUILLESTRE;5
138;5160;SAVINES-LE-LAC;5
139;5100;MONTGENEVRE;5
140;5500;LAYE;5
141;5200;PUY-SANIERES;5
142;5330;SAINT-CHAFFREY;5
143;6000;NICE;6
144;6300;NICE;6
145;6100;NICE;6
146;6730;SAINT-ANDRE DE LA ROCHE;6
147;6340;LA TRINITE;6
148;6950;FALICON;6
149;6200;NICE;6
150;6500;MENTON;6
151;6190;ROQUEBRUNE CAP MARTIN;6
152;6240;BEAUSOLEIL;6
153;6430;LA BRIGUE;6
154;6540;SAORGE;6
155;6430;TENDE;6
156;6380;SOSPEL;6
157;6500;CASTELLAR;6
158;6500;CASTILLON;6
159;6500;GORBIO;6
160;6380;MOULINET;6
161;6540;BREIL-SUR-ROYA;6
162;6500;SAINTE-AGNES;6
163;6230;VILLEFRANCHE-SUR-MER;6
164;6420;ISOLA;6
165;6470;PEONE;6
166;6420;VALDEBLORE;6
167;6310;BEAULIEU SUR MER;6
168;6440;PEILLON;6
169;6340;DRAP;6
170;6440;L'ESCARENE;6
171;6320;CAP-D AIL;6
172;6710;VILLARS-SUR-VAR;6
173;6450;SAINT-MARTIN-VESUBIE;6
174;6390;BENDEJUN;6
175;6660;SAINT-ETIENNE-DE-TINEE;6
176;6670;SAINT-MARTIN-DU-VAR;6
177;6390;CONTES;6
178;6320;LA TURBIE;6
179;6470;GUILLAUMES;6
180;6440;PEILLE;6
181;6360;EZE;6
182;6830;GILETTE;6
183;6450;ROQUEBILLIERE;6
184;6670;COLOMARS;6
185;6230;SAINT-JEAN-CAP-FERRAT;6
186;6670;LEVENS;6
187;6470;BEUIL;6
188;6390;BERRE-LES-ALPES;6
189;6830;TOUDON;6
190;6440;BLAUSASC;6
191;6450;BELVEDERE;6
192;6440;LUCERAM;6
193;6450;LANTOSQUE;6
194;6790;ASPREMONT;6
195;6450;LA BOLLENE-VESUBIE;6
196;6420;RIMPLAS;6
197;6340;CANTARON;6
198;6420;CLANS;6
199;6670;LA ROQUETTE SUR VAR;6
200;6450;UTELLE;6
201;6260;PUGET-THENIERS;6
202;6110;LE CANNET;6
203;6370;MOUANS-SARTOUX;6
204;6220;VALLAURIS;6
205;6600;ANTIBES;6
206;6160;ANTIBES;6
207;6550;LA ROQUETTE SUR SIAGNE;6
208;6250;MOUGINS;6
209;6410;BIOT;6
210;6400;CANNES;6
211;6150;CANNES;6
212;6210;MANDELIEU-LA-NAPOULE;6
213;6130;GRASSE;6
214;6580;PEGOMAS;6
215;6590;THEOULE-SUR-MER;6
216;6510;CARROS;6
217;6140;VENCE;6
218;6530;SAINT-CEZAIRE-SUR-SIAGNE;6
219;6510;LE BROC;6
220;6460;SAINT-VALLIER-DE-THIEY;6
221;6610;LA GAUDE;6
222;6620;LE BAR-SUR-LOUP;6
223;6560;VALBONNE;6
224;6620;GREOLIERES;6
225;6530;PEYMEINADE;6
226;6750;ANDON;6
227;6800;CAGNES SUR MER;6
228;6270;VILLENEUVE-LOUBET;6
229;6700;SAINT LAURENT DU VAR;6
230;6480;LA COLLE SUR LOUP;6
231;6570;SAINT-PAUL-DE-VENCE;6
232;7700;SAINT-JUST-D'ARDECHE;7
233;7600;VALS-LES-BAINS;7
234;7700;BOURG-SAINT-ANDEOL;7
235;7140;GRAVIERES;7
236;7150;SALAVAS;7
237;7200;AUBENAS;7
238;7800;LA-VOULTE-SUR-RHONE;7
239;7000;PRIVAS;7
240;7800;CHARMES-SUR-RHONE;7
241;7150;VALLON PONT D'ARC;7
242;7200;LABEGUDE;7
243;7120;RUOMS;7
244;7200;LANAS;7
245;7200;SAINT-SERNIN;7
246;7800;SAINT-GEORGES-LES-BAINS;7
247;7220;VIVIERS;7
248;7220;SAINT-MONTAN;7
249;7000;ST JULIEN EN ST ALBAN;7
250;7700;SAINT-MARTIN-D' ARDECHE;7
251;7300;TOURNON-SUR-RHONE;7
252;7130;SAINT-PERAY;7
253;7500;GUILHERAND-GRANGES;7
254;7100;ANNONAY;7
255;7370;SARRAS;7
256;7340;FELINES;7
257;7300;SAINT-JEAN-DE-MUZOLS;7
258;7430;DAVEZIEUX;7
259;8000;CHARLEVILLE-MEZIERES;8
260;8600;GIVET;8
261;8090;SAINT-LAURENT;8
262;8300;RETHEL;8
263;8200;SEDAN;8
264;8110;CARIGNAN;8
265;8200;BALAN;8
266;8140;BAZEILLES;8
267;9140;USTOU;9
268;9700;SAVERDUN;9
269;9000;FOIX;9
270;9100;SAINT-JEAN-DU-FALGA;9
271;9250;LUZENAC;9
272;9110;AX-LES-THERMES;9
273;9500;MIREPOIX;9
274;9300;LAVELANET;9
275;9100;PAMIERS;9
276;9350;DAUMAZAN-SUR-ARIZE;9
277;10300;SAINTE SAVINE;10
278;10430;ROSIERES PRES TROYES;10
279;10100;ROMILLY SUR SEINE;10
280;10800;SAINT JULIEN LES VILLAS;10
281;10120;SAINT ANDRE LES VERGERS;10
282;10000;TROYES;10
283;10400;TRAINEL;10
284;10600;LA CHAPELLE ST LUC;10
285;10200;BAR SUR AUBE;10
286;10150;PONTSAINTE MARIE;10
287;10400;NOGENT SUR SEINE;10
288;10420;LES NOES PRES TROYES;10
289;10200;COLOMBE LA FOSSE;10
290;10500;DIENVILLE;10
291;11000;CARCASSONNE;11
292;11400;CASTELNAUDARY;11
293;11150;PEXIORA;11
294;11800;TREBES;11
295;11290;LAVALETTE;11
296;11300;LIMOUX;11
297;11190;RENNES LES BAINS;11
298;11510;FITOU;11
299;11130;SIGEAN;11
300;11210;PORT-LA-NOUVELLE;11
301;11430;GRUISSAN;11
302;11370;LEUCATE;11
303;11100;NARBONNE;11
304;11110;VINASSAN;11
305;11560;FLEURY D AUDE;11
306;11200;BOUTENAC;11
307;11440;PEYRIAC DE MER;11
308;11100;BAGES;11
309;11200;LEZIGNAN-CORBIERES;11
310;11110;SALLES D AUDE;11
311;11120;MOUSSAN;11
312;11110;COURSAN;11
313;12000;LE MONASTERE;12
314;13002;MARSEILLE 2EME;13
315;13004;MARSEILLE 4EME;13
316;13001;MARSEILLE 1ER;13
317;13016;MARSEILLE 16EME;13
318;13015;MARSEILLE 15EME;13
319;13003;MARSEILLE 3EME;13
320;13014;MARSEILLE 14EME;13
321;13013;MARSEILLE 14EME;13
322;13010;MARSEILLE 10EME;13
323;13007;MARSEILLE 7EME;13
324;13005;MARSEILLE 5EME;13
325;13006;MARSEILLE 6EME;13
326;13009;MARSEILLE 9EME;13
327;13400;AUBAGNE;13
328;13008;MARSEILLE 8EME;13
329;13470;CARNOUX-EN-PROVENCE;13
330;13260;CASSIS;13
331;13360;ROQUEVAIRE;13
332;13600;LA CIOTAT;13
333;13112;LA DESTROUSSE;13
334;13390;AURIOL;13
335;13821;LA PENNE SUR HUVEAUNE;13
336;13720;LA BOUILLADISSE;13
337;13119;SAINT SAVOURNIN;13
338;13830;ROQUEFORT LA BEDOULE;13
339;13124;PEYPIN;13
340;13850;GREASQUE;13
341;13420;GEMENOS;13
342;13780;CUGES LES PINS;13
343;13013;MARSEILLE 13EME;13
344;13012;MARSEILLE 12EME;13
345;13380;PLAN DE CUQUES;13
346;13011;MARSEILLE 11EME;13
347;13004;MARSEILLE 12EME;13
348;13190;ALLAUCH;13
349;13140;MIRAMAS;13
350;13300;SALON-DE-PROVENCE;13
351;13100;AIX EN PROVENCE;13
352;13790;ROUSSET;13
353;13820;ENSUES-LA-REDONNE;13
354;13220;CHATEAUNEUF-LES-MARTIGUES;13
355;13127;VITROLLES;13
356;13700;MARIGNANE;13
357;13180;GIGNAC-LA-NERTHE;13
358;13630;EYRAGUES;13
359;13210;SAINT-REMY-DE-PROVENCE;13
360;13200;ARLES;13
361;13690;GRAVESON;13
362;13430;EYGUIERES;13
363;13160;CHATEAURENARD;13
364;14000;CAEN;14
365;14810;MERVILLE FRANCEVILLE;14
366;14450;GRANDCAMP-MAISY;14
367;14100;LISIEUX;14
368;14600;HONFLEUR;14
369;14360;TROUVILLE-SUR-MER;14
370;14160;DIVES-SUR-MER;14
371;14640;VILLERS-SUR-MER;14
372;14800;DEAUVILLE;14
373;14510;HOULGATE;14
374;14130;PONT-L EVEQUE;14
375;14910;BLONVILLE-SUR-MER;14
376;14800;TOURGEVILLE;14
377;14800;TOUQUES;14
378;14910;BENERVILLE-SUR-MER;14
379;14430;DOZULE;14
380;14600;EQUEMAUVILLE;14
381;14800;SAINT-ARNOULT;14
382;14600;RIVIERE-SAINT-SAUVEUR (LA);14
383;16000;ANGOULEME;16
384;16600;RUELLE-SUR-TOUVRE;16
385;16800;SOYAUX;16
386;16300;BARBEZIEUX SAINT HILAIRE;16
387;16340;L'ISLE D'ESPAGNAC;16
388;16160;GOND PONTOUVRE;16
389;16470;SAINT-MICHEL;16
390;17138;SAINT-XANDRE;17
391;17000;LA ROCHELLE;17
392;17140;LAGORD;17
393;17180;PERIGNY;17
394;17340;CHATELAILLON-PLAGE;17
395;17440;AYTRE;17
396;17220;CLAVETTE;17
397;17111;LOIX;17
398;17410;SAINT-MARTIN-DE-RE;17
399;17170;COURCON;17
400;17880;LES PORTES-EN-RE;17
401;17138;PUILBOREAU;17
402;17139;DOMPIERRE-SUR-MER;17
403;17230;MARANS;17
404;17590;ARS-EN-RE;17
405;17690;ANGOULINS;17
406;17300;ROCHEFORT;17
407;17430;TONNAY CHARENTE;17
408;17450;FOURAS;17
409;17100;SAINTES;17
410;17600;SAUJON;17
411;17110;SAINT-GEORGES-DE-DIDONNE;17
412;17132;MESCHERS-SUR-GIRONDE;17
413;17120;BARZAN;17
414;17400;ST JEAN D'ANGELY;17
415;18100;VIERZON;18
416;18000;BOURGES;18
417;18400;SAINT-FLORENT-SUR-CHER;18
418;18500;MEHUN-SUR-YEVRE;18
419;18570;MORTHOMIERS;18
420;18500;ALLOUIS;18
421;18200;SAINT-AMAND-MONTROND;18
422;18700;AUBIGNY-SUR-NERE;18
423;19260;TREIGNAC;19
424;19000;TULLE;19
425;19200;USSEL;19
426;19100;BRIVE LA GAILLARDE;19
427;19270;USSAC;19
428;19230;SAINT-SORNIN-LAVOLPS;19
429;19360;MALEMORT;19
430;19270;SAINTE FEREOLE;19
431;21000;DIJON;21
432;22000;SAINT-BRIEUC;22
433;22430;ERQUY;22
434;22400;LAMBALLE-ARMOR;22
435;22170;CHATELAUDREN-PLOUAGAT;22
436;22360;LANGUEUX;22
437;22440;PLOUFRAGAN;22
438;22580;PLOUHA;22
439;22500;PAIMPOL;22
440;22370;PLENEUF-VAL-ANDRE;22
441;22410;SAINT-QUAY-PORTRIEUX;22
442;22190;PLERIN;22
443;22680;BINIC-ETABLES-SUR-MER;22
444;22120;HILLION;22
445;22950;TREGUEUX;22
446;22400;NOYAL;22
447;22650;BEAUSSAIS-SUR-MER;22
448;22100;DINAN;22
449;22380;SAINT-CAST-LE-GUILDO;22
450;22240;FREHEL;22
451;22100;TADEN;22
452;22770;LANCIEUX;22
453;22130;PLANCOET;22
454;22350;CAULNES;22
455;22100;LANVALLAY;22
456;22550;MATIGNON;22
457;22250;BROONS;22
458;22200;GUINGAMP;22
459;22970;PLOUMAGOAR;22
460;22700;PERROS-GUIREC;22
461;22300;LANNION;22
462;22220;TREGUIER;22
463;22660;TREVOU-TREGUIGNEC;22
464;22560;TREBEURDEN;22
465;22310;PLESTIN-LES-GREVES;22
466;22600;LOUDEAC;22
467;23300;LA SOUTERRAINE;23
468;23000;GUERET;23
469;24000;PERIGUEUX;24
470;24750;TRELISSAC;24
471;24750;BOULAZAC ISLE MANOIRE;24
472;24660;COULOUNIEIX-CHAMIERS;24
473;24100;BERGERAC;24
474;33220;PORT-SAINTE-FOY-ET-PONCHAPT;24
475;24510;VAL DE LOUYRE ET CAUDEAU;24
476;24230;LAMOTHE-MONTRAVEL;24
477;24120;TERRASSON LAVILLEDIEU;24
478;24200;SARLAT-LA-CANEDA;24
479;24580;ROUFFIGNAC-ST-CERNIN-DE-REILHA;24
480;24250;CASTELNAUD-LA-CHAPELLE;24
481;25000;BESANCON;25
482;25870;GENEUILLE;25
483;25410;SAINT VIT;25
484;25320;BOUSSIERES;25
485;25620;MAMIROLLE;25
486;25220;ROCHE LEZ BEAUPRE;25
487;25480;MISEREY SALINES;25
488;25870;BONNAY;25
489;25960;DELUZ;25
490;25870;LES AUXONS;25
491;25110;BAUME LES DAMES;25
492;25300;PONTARLIER;25
493;25300;GRANGES NARBOZ;25
494;25370;JOUGNE;25
495;25130;VILLERS LE LAC;25
496;25500;MORTEAU;25
497;25370;LES HOPITAUX NEUFS;25
498;25370;ROCHEJEAN;25
499;25290;ORNANS;25
500;25300;DOUBS;25
501;25800;VALDAHON;25
502;25300;LA CLUSE ET MIJOUX;25
503;25370;METABIEF;25
504;25580;ETALANS;25
505;25500;MONTLEBON;25
506;25240;MOUTHE;25
507;25300;LES FOURGS;25
508;25140;CHARQUEMONT;25
509;25400;AUDINCOURT;25
510;25230;SELONCOURT;25
511;25310;HERIMONCOURT;25
512;25200;MONTBELIARD;25
513;26100;ROMANS-SUR-ISERE;26
514;26000;VALENCE;26
515;26210;MORAS-EN-VALLOIRE;26
516;26200;MONTELIMAR;26
517;26300;BOURG-DE-PEAGE;26
518;26740;MONTBOUCHER-SUR-JABRON;26
519;26500;BOURG LES VALENCE;26
520;26120;CHABEUIL;26
521;26400;CREST;26
522;26290;DONZERE;26
523;26140;SAINT-RAMBERT-D ALBON;26
524;26220;DIEULEFIT;26
525;26790;TULETTE;26
526;26800;BEAUVALLON;26
527;26110;MIRABEL-AUX-BARONNIES;26
528;26270;LORIOL SUR DROME;26
529;26700;PIERRELATTE;26
530;26130;SAINT-PAUL-TROIS-CHATEAUX;26
531;26120;MONTELIER;26
532;26250;LIVRON SUR DROME;26
533;26800;PORTES LES VALENCE;26
534;26110;NYONS;26
535;26740;SAUZET;26
536;26260;SAINT-DONAT-SUR-L HERBASSE;26
537;26200;ANCONE;26
538;26770;SAINT-PANTALEON-LES-VIGNES;26
539;26420;SAINT-AGNAN-EN-VERCORS;26
540;26600;LA ROCHE DE GLUN;26
541;26540;MOURS-SAINT-EUSEBE;26
542;26240;SAINT VALLIER;26
543;26600;PONT DE L ISERE;26
544;26600;MERCUROL-VEAUNES;26
545;26600;TAIN L HERMITAGE;26
546;26760;BEAUMONT LES VALENCE;26
547;26130;MONTSEGUR-SUR-LAUZON;26
548;26240;PONSAS;26
549;27930;GRAVIGNY;27
550;27250;RUGLES;27
551;27530;EZY SUR EURE;27
552;27000;EVREUX;27
553;27120;PACY-SUR-EURE;27
554;27730;BUEIL;27
555;27200;VERNON;27
556;27950;ST MARCEL;27
557;27190;CONCHES EN OUCHE;27
558;27130;VERNEUIL D'AVRE ET D'ITON;27
559;27140;GISORS;27
560;27700;LES ANDELYS;27
561;27270;LA TRINITE DE REVILLE;27
562;27170;BEAUMONT LE ROGER;27
563;27300;BERNAY;27
564;27600;GAILLON;27
565;28000;CHARTRES;28
566;28320;GALLARDON;28
567;28630;LE COUDRAY;28
568;28230;EPERNON;28
569;28300;MAINVILLIERS;28
570;28310;TOURY;28
571;28130;HANCHES;28
572;28300;LEVES;28
573;28300;GASVILLE OISEME;28
574;28130;MAINTENON;28
575;28110;LUCE;28
576;28130;CHARTAINVILLIERS;28
577;28300;ST PREST;28
578;28320;GAS;28
579;28700;AUNEAU-BLEURY-SAINT-SYMPHORIEN;28
580;28600;LUISANT;28
581;28300;JOUY;28
582;28190;COURVILLE SUR EURE;28
583;28200;CHATEAUDUN;28
584;28200;ST DENIS-LANNERAY;28
585;28100;DREUX;28
586;28500;VERNOUILLET;28
587;28210;LORMAYE;28
588;28210;NOGENT-LE-ROI;28
589;28260;ANET;28
590;28210;CHAUDON;28
591;28350;ST LUBIN DES JONCHERETS;28
592;28170;CHATEAUNEUF EN THYMERAIS;28
593;28380;ST REMY SUR AVRE;28
594;28210;COULOMBS;28
595;28400;NOGENT LE ROTROU;28
596;29000;QUIMPER;29
597;29100;DOUARNENEZ;29
598;29300;QUIMPERLE;29
599;29900;CONCARNEAU;29
600;29930;PONT-AVEN;29
601;29360;CLOHARS CARNOET;29
602;29200;BREST;29
603;29290;SAINT RENAN;29
604;29460;DIRINON;29
605;29800;LANDERNEAU;29
606;29470;PLOUGASTEL-DAOULAS;29
607;29570;CAMARET-SUR-MER;29
608;29160;CROZON;29
609;29550;SAINT-NIC;29
610;29600;MORLAIX;29
611;29400;LANDIVISIAU;29
612;29660;CARANTEC;29
613;29600;SAINT-MARTIN-DES-CHAMPS;29
614;29630;PLOUGASNOU;29
615;29680;ROSCOFF;29
616;20137;PORTO-VECCHIO;2A
617;20000;AJACCIO;2A
618;20110;PROPRIANO;2A
619;20090;AJACCIO;2A
620;20100;SARTENE;2A
621;20144;ZONZA;2A
622;20169;BONIFACIO;2A
623;20128;GROSSETO-PRUGNA;2A
624;20137;LECCI;2A
625;20110;ARBELLARA;2A
626;20166;PIETROSELLA;2A
627;20166;GROSSETO-PRUGNA;2A
628;20160;VICO;2A
629;20111;CASAGLIONE;2A
630;20167;SARROLA-CARCOPINO;2A
631;20140;ARGIUSTA-MORICCIO;2A
632;20166;ALBITRECCIA;2A
633;20140;SERRA-DI-FERRO;2A
634;20117;CAURO;2A
635;20134;PALNECA;2A
636;20167;APPIETTO;2A
637;20111;CALCATOGGIO;2A
638;20131;PIANOTTOLI-CALDARELLO;2A
639;20150;OTA;2A
640;20110;BELVEDERE-CAMPOMORO;2A
641;20146;SOTTA;2A
642;20145;SARI-SOLENZARA;2A
643;20000;LECCI;2A
644;20113;OLMETO;2A
645;20138;COTI-CHIAVARI;2A
646;20140;CASALABRIVA;2A
647;20163;TAVERA;2A
648;20118;VICO;2A
649;20122;QUENZA;2A
650;20129;BASTELICACCIA;2A
651;20115;PIANA;2A
652;20118;COGGIA;2A
653;20157;FRASSETO;2A
654;20167;CUTTOLI-CORTICCHIATO;2A
655;20190;SANTA-MARIA-SICHE;2A
656;20160;COGGIA;2A
657;20128;ALBITRECCIA;2A
658;20110;VIGGIANELLO;2A
659;20000;AJACCIO;2A
660;20220;AREGNO;2B
661;20220;L'ILE ROUSSE;2B
662;20221;CERVIONE;2B
663;20232;OLETTA;2B
664;30240;LE GRAU DU ROI;30
665;30220;AIGUES-MORTES;30
666;30900;NIMES;30
667;30000;NIMES;30
668;30420;CALVISSON;30
669;30170;DURFORT-ET-SAINT-MARTIN-DE-;30
670;30600;VAUVERT;30
671;30132;CAISSARGUES;30
672;30540;MILHAUD;30
673;30870;CLARENSAC;30
674;30230;BOUILLARGUES;30
675;30128;GARONS;30
676;30250;SOMMIERES;30
677;30940;SAINT ANDRE DE VALBORGNE;30
678;30660;GALLARGUES-LE-MONTUEUX;30
679;30620;BERNIS;30
680;30670;AIGUES-VIVES;30
681;30980;SAINT-DIONISY;30
682;30190;GARRIGUES SAINTE EULALIE;30
683;30610;SAUVE;30
684;30190;LA CALMETTE;30
685;30460;LASALLE;30
686;30220;SAINT-LAURENT-D AIGOUZE;30
687;30620;AUBORD;30
688;30470;AIMARGUES;30
689;30230;RODILHAN;30
690;30260;SARDAN;30
691;30920;CODOGNAN;30
692;30770;ARRIGAS;30
693;30260;QUISSAC;30
694;30190;SAINT-GENIES-DE-MALGOIRES;30
695;30820;CAVEIRAC;30
696;30120;LE VIGAN;30
697;30440;SUMENE;30
698;30170;ST HIPPOLYTE DU FORT;30
699;30700;UZES;30
700;30510;GENERAC;30
701;30290;LAUDUN-L ARDOISE;30
702;30127;BELLEGARDE;30
703;30300;BEAUCAIRE;30
704;30400;VILLENEUVE LES AVIGNON;30
705;30200;SAINT-NAZAIRE;30
706;30320;MARGUERITTES;30
707;30840;MEYNES;30
708;30650;ROCHEFORT-DU-GARD;30
709;30133;LES ANGLES;30
710;30210;REMOULINS;30
711;30320;POULX;30
712;30130;PONT ST ESPRIT;30
713;30800;ST GILLES;30
714;30210;CASTILLON-DU-GARD;30
715;30210;SAINT-HILAIRE-D OZILHAN;30
716;30130;SAINT-PAULET-DE-CAISSON;30
717;30210;SERNHAC;30
718;30200;BAGNOLS SUR CEZE;30
719;30650;SAZE;30
720;30700;MONTAREN-ET-SAINT-MEDIERS;30
721;30490;MONTFRIN;30
722;30150;ROQUEMAURE;30
723;30100;ALES;30
724;30530;PORTES;30
725;30410;MOLIERES-SUR-CEZE;30
726;30160;BESSEGES;30
727;30960;SAINT-FLORENT-SUR-AUZONNET;30
728;30110;LA GRAND COMBE;30
729;30140;ANDUZE;30
730;31400;TOULOUSE;31
731;31200;TOULOUSE;31
732;31000;TOULOUSE;31
733;31500;TOULOUSE;31
734;31780;CASTELGINEST;31
735;31140;FONBEAUZARD;31
736;31130;BALMA;31
737;31280;DREMIL LAFAGE;31
738;31240;L UNION;31
739;31140;AUCAMVILLE;31
740;31150;FENOUILLET;31
741;31180;ROUFFIAC TOLOSAN;31
742;31150;GAGNAC SUR GARONNE;31
743;31520;RAMONVILLE ST AGNE;31
744;31240;ST JEAN;31
745;31140;LAUNAGUET;31
746;31130;FLOURENS;31
747;31300;TOULOUSE;31
748;31170;TOURNEFEUILLE;31
749;31770;COLOMIERS;31
750;31100;TOULOUSE;31
751;31700;BLAGNAC;31
752;31340;VILLEMUR SUR TARN;31
753;31840;AUSSONNE;31
754;31270;CUGNAUX;31
755;31330;GRENADE SUR GARONNE;31
756;31880;LA SALVETAT ST GILLES;31
757;31700;MONDONVILLE;31
758;31620;FRONTON;31
759;31700;BEAUZELLE;31
760;31660;BESSIERES;31
761;31320;CASTANET TOLOSAN;31
762;31290;VILLEFRANCHE-DE-LAURAGAIS;31
763;31560;NAILLOUX;31
764;31670;LABEGE;31
765;31250;REVEL;31
766;31650;ST ORENS DE GAMEVILLE;31
767;31570;LANTA;31
768;31120;LACROIX FALGARDE;31
769;31320;AUZEVILLE-TOLOSANE;31
770;31750;ESCALQUENS;31
771;31380;MONTASTRUC LA CONSEILLERE;31
772;31450;POMPERTUZAT;31
773;31450;BAZIEGE;31
774;31270;FROUZINS;31
775;32000;AUCH;32
776;32100;CONDOM;32
777;32150;CAZAUBON;32
778;32200;GIMONT;32
779;32600;L ISLE JOURDAIN;32
780;33200;BORDEAUX;33
781;33160;SAINT AUBIN DE MEDOC;33
782;33290;PAREMPUYRE;33
783;33160;SAINT MEDARD EN JALLES;33
784;33000;BORDEAUX;33
785;33300;BORDEAUX;33
786;33520;BRUGES;33
787;33680;LACANAU;33
788;33110;LE BOUSCAT;33
789;33185;LE HAILLAN;33
790;33320;EYSINES;33
791;33290;LUDON MEDOC;33
792;33480;MOULIS-EN-MEDOC;33
793;33320;LE TAILLAN MEDOC;33
794;33480;CASTELNAU-DE-MEDOC;33
795;33290;BLANQUEFORT;33
796;33460;MARGAUX CANTENAC;33
797;33800;BORDEAUX;33
798;33130;BEGLES;33
799;33700;MERIGNAC;33
800;33170;GRADIGNAN;33
801;33400;TALENCE;33
802;33600;PESSAC;33
803;33140;VILLENAVE D ORNON;33
804;33127;SAINT JEAN D ILLAC;33
805;33127;MARTIGNAS SUR JALLE;33
806;33610;CANEJAN;33
807;33610;CESTAS;33
808;33410;CADILLAC;33
809;33380;BIGANOS;33
810;33120;ARCACHON;33
811;33560;CARBON BLANC;33
812;33140;CADAUJAC;33
813;33260;LA TESTE-DE-BUCH;33
814;33470;GUJAN MESTRAS;33
815;33150;CENON;33
816;33270;FLOIRAC;33
817;33210;TOULENNE;33
818;33510;ANDERNOS-LES-BAINS;33
819;33100;BORDEAUX;33
820;33310;LORMONT;33
821;33370;ARTIGUES-PRES-BORDEAUX;33
822;33550;PAILLET;33
823;33970;LEGE-CAP-FERRET;33
824;33470;LE TEICH;33
825;33450;ST SULPICE ET CAMEYRAC;33
826;33670;CREON;33
827;33770;SALLES;33
828;33370;TRESSES;33
829;33240;SAINT GERVAIS;33
830;33740;ARES;33
831;33370;FARGUES SAINT HILAIRE;33
832;33210;LANGON;33
833;33850;LEOGNAN;33
834;33950;LEGE-CAP-FERRET;33
835;33210;PREIGNAC;33
836;33440;ST LOUIS DE MONTFERRAND;33
837;33360;LATRESNE;33
838;33980;AUDENGE;33
839;33550;HAUX;33
840;33440;AMBARES-ET-LAGRAVE;33
841;33880;ST CAPRAIS DE BORDEAUX;33
842;33138;LANTON;33
843;33720;BARSAC;33
844;33114;LE BARP;33
845;33530;BASSENS;33
846;33550;LANGOIRAN;33
847;33370;YVRAC;33
848;33450;MONTUSSAN;33
849;33430;BAZAS;33
850;33240;SAINT-ANDRE-DE-CUBZAC;33
851;33360;CARIGNAN-DE-BORDEAUX;33
852;33380;MIOS;33
853;33550;LE TOURNE;33
854;33380;MARCHEPRIME;33
855;33115;LA TESTE-DE-BUCH;33
856;33640;CASTRES GIRONDE;33
857;33550;LESTIAC-SUR-GARONNE;33
858;33650;LA BREDE;33
859;33450;SAINT LOUBES;33
860;33560;SAINTE EULALIE;33
861;33690;GRIGNOLS;33
862;33420;GENISSAC;33
863;33500;LIBOURNE;33
864;33350;CASTILLON-LA-BATAILLE;33
865;33390;BLAYE;33
866;33220;PINEUILH;33
867;33920;SAINT-YZAN-DE-SOUDIAC;33
868;33750;SAINT-QUENTIN-DE-BARON;33
869;33920;SAINT-SAVIN;33
870;33230;COUTRAS;33
871;33660;ST-SEURIN-SUR-L ISLE;33
872;33220;SAINTE-FOY-LA-GRANDE;33
873;33820;SAINT-CIERS-SUR-GIRONDE;33
874;33870;VAYRES;33
875;33190;LA REOLE;33
876;33490;SAINT-MACAIRE;33
877;33540;SAUVETERRE-DE-GUYENNE;33
878;33121;CARCANS;33
879;33780;SOULAC-SUR-MER;33
880;33990;HOURTIN;33
881;33112;SAINT LAURENT MEDOC;33
882;33123;LE VERDON SUR MER;33
883;33340;LESPARRE-MEDOC;33
884;33180;VERTHEUIL;33
885;33590;SAINT-VIVIEN-DE-MEDOC;33
886;34080;MONTPELLIER;34
887;34000;MONTPELLIER;34
888;34070;MONTPELLIER;34
889;34090;MONTPELLIER;34
890;34250;PALAVAS-LES-FLOTS;34
891;34130;MAUGUIO;34
892;34990;JUVIGNAC;34
893;34470;PEROLS;34
894;34920;LE CRES;34
895;34280;LA GRANDE MOTTE;34
896;34170;CASTELNAU LE LEZ;34
897;34970;LATTES;34
898;34130;SAINT-AUNES;34
899;34430;SAINT-JEAN-DE-VEDAS;34
900;34790;GRABELS;34
901;34110;FRONTIGNAN;34
902;34200;SETE;34
903;34110;VIC-LA-GARDIOLE;34
904;34140;BOUZIGUES;34
905;34540;BALARUC LES BAINS;34
906;34740;VENDARGUES;34
907;34190;GANGES;34
908;34400;LUNEL;34
909;34800;CLERMONT L HERAULT;34
910;34980;SAINT-GELY-DU-FESC;34
911;34140;MEZE;34
912;34160;SUSSARGUES;34
913;34590;MARSILLARGUES;34
914;34770;GIGEAN;34
915;34830;JACOU;34
916;34380;MAS-DE-LONDRES;34
917;34980;SAINT CLEMENT DE RIVIERE;34
918;34160;CASTRIES;34
919;34670;BAILLARGUES;34
920;34560;POUSSAN;34
921;34190;LAROQUE;34
922;34560;MONTBAZIN;34
923;34730;PRADES-LE-LEZ;34
924;34160;BEAULIEU;34
925;34540;BALARUC LE VIEUX;34
926;34400;SAINT-SERIES;34
927;34750;VILLENEUVE-LES-MAGUELONE;34
928;34670;SAINT-BRES;34
929;34230;PLAISSAN;34
930;34700;LODEVE;34
931;34725;SAINT-FELIX-DE-LODEZ;34
932;34140;LOUPIAN;34
933;34190;CAZILHAC;34
934;34570;SAINT PAUL ET VALMALLE;34
935;34725;SAINT-ANDRE-DE-SANGONIS;34
936;34230;POUZOLS;34
937;34820;ASSAS;34
938;34400;ENTRE-VIGNES;34
939;34800;NEBIAN;34
940;34160;SAINT-DREZERY;34
941;34150;GIGNAC;34
942;34150;MONTPEYROUX;34
943;34570;MONTARNAUD;34
944;34350;VALRAS-PLAGE;34
945;34210;CESSERAS;34
946;34500;BEZIERS;34
947;34410;SERIGNAN;34
948;34300;AGDE;34
949;34120;PEZENAS;34
950;34340;MARSEILLAN;34
951;34600;BEDARIEUX;34
952;34350;VENDRES;34
953;34450;VIAS;34
954;34620;PUISSERGUIER;34
955;34720;CAUX;34
956;34310;MONTADY;34
957;34240;LAMALOU-LES-BAINS;34
958;34760;BOUJAN-SUR-LIBRON;34
959;34420;PORTIRAGNES;34
960;34810;POMEROLS;34
961;35740;PACE;35
962;35230;BOURGBARRE;35
963;35200;RENNES;35
964;35830;BETTON;35
965;35510;CESSON-SEVIGNE;35
966;35000;RENNES;35
967;35230;NOYAL-CHATILLON-SUR-SEICHE;35
968;35700;RENNES;35
969;35135;CHANTEPIE;35
970;35132;VEZIN-LE-COQUET;35
971;35170;BRUZ;35
972;35131;CHARTRES-DE-BRETAGNE;35
973;35136;ST JACQUES DE LA LANDE;35
974;35760;SAINT-GREGOIRE;35
975;35770;VERN-SUR-SEICHE;35
976;35520;LA CHAPELLE DES FOUGERETZ;35
977;35131;PONT-PEAN;35
978;35690;ACIGNE;35
979;35850;PARTHENAY-DE-BRETAGNE;35
980;35230;ORGERES;35
981;35520;MELESSE;35
982;35310;CHAVAGNE;35
983;35850;IRODOUER;35
984;35250;SAINT-AUBIN-D AUBIGNE;35
985;35310;BREAL-SOUS-MONTFORT;35
986;35310;MORDELLES;35
987;35360;MONTAUBAN-DE-BRETAGNE;35
988;35340;LIFFRE;35
989;35410;CHATEAUGIRON;35
990;35650;LE RHEU;35
991;35160;BRETEIL;35
992;35410;NOUVOITOU;35
993;35137;BEDEE;35
994;35150;JANZE;35
995;35235;THORIGNE-FOUILLARD;35
996;35290;SAINT-MEEN-LE-GRAND;35
997;35160;MONTFORT-SUR-MEU;35
998;35590;L'HERMITAGE;35
999;35630;HEDE-BAZOUGES;35
1000;35520;LA MEZIERE;35
1001;35230;SAINT-ARMEL;35
1002;35490;SENS-DE-BRETAGNE;35
1003;35440;MONTREUIL-SUR-ILLE;35
1004;35580;GOVEN;35
1005;35600;REDON;35
1006;35470;BAIN-DE-BRETAGNE;35
1007;35330;LA CHAPELLE BOUEXIC;35
1008;35580;GUICHEN;35
1009;35320;POLIGNE;35
1010;35890;BOURG-DES-COMPTES;35
1011;35400;SAINT-MALO;35
1012;35800;DINARD;35
1013;35720;PLEUGUENEUC;35
1014;35800;SAINT-LUNAIRE;35
1015;35260;CANCALE;35
1016;35730;PLEURTUIT;35
1017;35120;DOL DE BRETAGNE;35
1018;35800;SAINT-BRIAC-SUR-MER;35
1019;35540;MINIAC-MORVAN;35
1020;35350;LA GOUESNIERE;35
1021;35780;LA RICHARDAIS;35
1022;35190;SAINT-DOMINEUC;35
1023;35540;LE TRONCHET;35
1024;35610;ROZ-SUR-COUESNON;35
1025;35350;SAINT-MELOIR-DES-ONDES;35
1026;35430;SAINT-JOUAN-DES-GUERETS;35
1027;35113;DOMAGNE;35
1028;35130;LA GUERCHE-DE-BRETAGNE;35
1029;35500;VITRE;35
1030;35220;CHATEAUBOURG;35
1031;35240;RETIERS;35
1032;35450;VAL-D'IZE;35
1033;36000;CHATEAUROUX;36
1034;36400;LA CHATRE;36
1035;37300;JOUE LES TOURS;37
1036;37000;TOURS;37
1037;37520;LA RICHE;37
1038;37100;TOURS;37
1039;37270;MONTLOUIS-SUR-LOIRE;37
1040;37700;SAINT-PIERRE-DES-CORPS;37
1041;37200;TOURS;37
1042;37550;SAINT AVERTIN;37
1043;37230;FONDETTES;37
1044;37540;SAINT CYR SUR LOIRE;37
1045;37390;NOTRE-DAME-D OE;37
1046;37210;ROCHECORBON;37
1047;37390;LA MEMBROLLE-SUR-CHOISILLE;37
1048;37510;BALLAN MIRE;37
1049;37170;CHAMBRAY LES TOURS;37
1050;37400;AMBOISE;37
1051;37120;RICHELIEU;37
1052;37140;BOURGUEIL;37
1053;37600;LOCHES;37
1054;37160;DESCARTES;37
1055;38000;GRENOBLE;38
1056;38100;GRENOBLE;38
1057;38400;SAINT-MARTIN-D'HERES;38
1058;38610;GIERES;38
1059;38700;LA TRONCHE;38
1060;38240;MEYLAN;38
1061;38330;MONTBONNOT-SAINT-MARTIN;38
1062;38130;ECHIROLLES;38
1063;38330;SAINT-NAZAIRE-LES-EYMES;38
1064;38330;BIVIERS;38
1065;38330;SAINT-ISMIER;38
1066;38320;EYBENS;38
1067;38320;POISAT;38
1068;38700;CORENC;38
1069;38660;LA TERRASSE;38
1070;38500;VOIRON;38
1071;38420;DOMENE;38
1072;38190;FROGES;38
1073;38530;PONTCHARRA;38
1074;38220;VIZILLE;38
1075;38120;SAINT-EGREVE;38
1076;38120;FONTANIL-CORNILLON;38
1077;38830;CRETS EN BELLEDONNE;38
1078;38950;SAINT-MARTIN-LE-VINOUX;38
1079;38570;TENCIN;38
1080;38580;ALLEVARD;38
1081;38190;VILLARD-BONNOT;38
1082;38580;LE HAUT-BREDA;38
1083;38410;SAINT-MARTIN-D'URIAGE;38
1084;38340;VOREPPE;38
1085;38410;CHAMROUSSE;38
1086;38500;LA BUISSE;38
1087;38220;NOTRE-DAME-DE-MESAGE;38
1088;38380;SAINT-PIERRE-DE-CHARTREUSE;38
1089;38320;BRIE-ET-ANGONNES;38
1090;38570;GONCELIN;38
1091;38410;VAULNAVEYS-LE-BAS;38
1092;38190;LES ADRETS;38
1093;38420;LE VERSOUD;38
1094;38570;LE CHEYLAS;38
1095;38960;SAINT-ETIENNE-DE-CROSSEY;38
1096;38920;CROLLES;38
1097;38650;GRESSE-EN-VERCORS;38
1098;38750;HUEZ;38
1099;38860;LES DEUX ALPES;38
1100;38360;SASSENAGE;38
1101;38112;AUTRANS-MEAUDRE EN VERCORS;38
1102;38170;SEYSSINET-PARISET;38
1103;38250;VILLARD-DE-LANS;38
1104;38600;FONTAINE;38
1105;38114;VAUJANY;38
1106;38250;CORRENCON-EN-VERCORS;38
1107;38880;AUTRANS-MEAUDRE EN VERCORS;38
1108;38800;LE PONT-DE-CLAIX;38
1109;38640;CLAIX;38
1110;38970;CORPS;38
1111;38520;LE BOURG-D'OISANS;38
1112;38142;BESSE;38
1113;38142;AURIS;38
1114;38250;LANS-EN-VERCORS;38
1115;38450;LE GUA;38
1116;38110;SAINT-CLAIR-DE-LA-TOUR;38
1117;38300;BOURGOIN-JALLIEU;38
1118;38090;VILLEFONTAINE;38
1119;38540;SAINT-JUST-CHALEYSSIN;38
1120;38080;L'ISLE-D'ABEAU;38
1121;38290;LA VERPILLIERE;38
1122;38280;ANTHON;38
1123;38230;PONT-DE-CHERUY;38
1124;38140;RIVES;38
1125;38590;SAINT-ETIENNE-DE-SAINT-GEOIRS;38
1126;38160;SAINT-MARCELLIN;38
1127;38430;SAINT-JEAN-DE-MOIRANS;38
1128;38210;TULLINS;38
1129;38470;VINAY;38
1130;38430;MOIRANS;38
1131;38140;BEAUCROISSANT;38
1132;38590;SAINT-GEOIRS;38
1133;38940;ROYBON;38
1134;38140;IZEAUX;38
1135;39220;LES ROUSSES;39
1136;39200;SAINT-CLAUDE;39
1137;39100;DOLE;39
1138;39300;CHAMPAGNOLE;39
1139;39600;ARBOIS;39
1140;39500;TAVAUX;39
1141;39400;HAUTS DE BIENNE;39
1142;39100;SAMPANS;39
1143;39000;LONS LE SAUNIER;39
1144;39310;SEPTMONCEL LES MOLUNES;39
1145;39220;BOIS-D AMONT;39
1146;39220;PREMANON;39
1147;39800;POLIGNY;39
1148;39570;PERRIGNY;39
1149;39570;MONTMOROT;39
1150;39290;OFFLANGES;39
1151;39170;LAVANS-LES-SAINT-CLAUDE;39
1152;39110;SALINS LES BAINS;39
1153;39260;MOIRANS-EN-MONTAGNE;39
1154;39130;CLAIRVAUX-LES-LACS;39
1155;39400;BELLEFONTAINE;39
1156;39170;RAVILLOLES;39
1157;40170;ST-JULIEN-EN-BORN;40
1158;40100;DAX;40
1159;40230;ST-VINCENT-DE-TYROSSE;40
1160;40230;TOSSE;40
1161;40280;SAINT-PIERRE-DU-MONT;40
1162;40660;MOLIETS-ET-MAA;40
1163;40300;PEYREHORADE;40
1164;40510;SEIGNOSSE;40
1165;40000;MONT-DE-MARSAN;40
1166;40220;TARNOS;40
1167;40150;SOORTS-HOSSEGOR;40
1168;40230;ST-GEOURS-MAREMNE;40
1169;40460;SANGUINET;40
1170;40560;VIELLE-ST-GIRONS;40
1171;40480;VIEUX BOUCAU-LES-BAINS;40
1172;40170;LIT ET MIXE;40
1173;40600;BISCARROSSE;40
1174;40990;ST-PAUL-LES-DAX;40
1175;40130;CAPBRETON;40
1176;40530;LABENNE;40
1177;40140;SOUSTONS;40
1178;40440;ONDRES;40
1179;40500;MONTGAILLARD;40
1180;40800;AIRE-SUR-L'ADOUR;40
1181;40390;ST-MARTIN-DE-SEIGNANX;40
1182;40150;ANGRESSE;40
1183;40200;MIMIZAN;40
1184;40700;HAGETMAU;40
1185;40300;ORIST;40
1186;40550;LEON;40
1187;40390;ST-MARTIN-DE-HINX;40
1188;40170;BIAS;40
1189;40380;POYANNE;40
1190;40990;ST-VINCENT-DE-PAUL;40
1191;40370;RION-DES-LANDES;40
1192;40400;TARTAS;40
1193;40200;AUREILHAN;40
1194;40500;SAINT-SEVER;40
1195;40160;PARENTIS EN BORN;40
1196;40230;BENESSE-MAREMNE;40
1197;41100;VENDOME;41
1198;41000;BLOIS;41
1199;41400;MONTRICHARD VAL DE CHER;41
1200;41330;MAROLLES;41
1201;41200;ROMORANTIN-LANTHENAY;41
1202;41350;VINEUIL;41
1203;41260;LA CHAUSSEE SAINT VICTOR;41
1204;41000;VILLEBAROU;41
1205;42000;SAINT-ETIENNE;42
1206;42100;SAINT-ETIENNE;42
1207;42650;SAINT-JEAN-BONNEFONDS;42
1208;42350;LA TALAUDIERE;42
1209;42530;SAINT GENEST LERPT;42
1210;42800;GENILAC;42
1211;42700;FIRMINY;42
1212;42740;SAINT-PAUL-EN-JAREZ;42
1213;42400;SAINT-CHAMOND;42
1214;42150;LA RICAMARIE;42
1215;42230;ROCHE-LA-MOLIERE;42
1216;42320;LA GRAND-CROIX;42
1217;42800;SAINT-JOSEPH;42
1218;42270;SAINT-PRIEST-EN-JAREZ;42
1219;42410;PELUSSIN;42
1220;42480;LA FOUILLOUSE;42
1221;42580;L ETRAT;42
1222;42390;VILLARS;42
1223;42420;LORETTE;42
1224;42500;LE CHAMBON-FEUGEROLLES;42
1225;42490;FRAISSES;42
1226;42290;SORBIERS;42
1227;42410;CHAVANAY;42
1228;42800;RIVE-DE-GIER;42
1229;42320;FARNAY;42
1230;42240;SAINT-PAUL-EN-CORNILLON;42
1231;42240;UNIEUX;42
1232;42152;L HORME;42
1233;42600;SAVIGNEUX;42
1234;42680;SAINT-MARCELLIN-EN-FOREZ;42
1235;42160;ANDREZIEUX-BOUTHEON;42
1236;42140;CHAZELLES SUR LYON;42
1237;42130;BOEN-SUR-LIGNON;42
1238;42600;MONTBRISON;42
1239;42340;VEAUCHE;42
1240;42210;MONTROND-LES-BAINS;42
1241;42170;SAINT-JUST-SAINT-RAMBERT;42
1242;42330;SAINT-GALMIER;42
1243;42110;FEURS;42
1244;42610;SAINT-ROMAIN-LE-PUY;42
1245;42380;SAINT-BONNET-LE-CHATEAU;42
1246;42560;SOLEYMIEUX;42
1247;42920;CHALMAZEL-JEANSAGNIERE;42
1248;42600;PRECIEUX;42
1249;42300;ROANNE;42
1250;42190;CHARLIEU;42
1251;42300;VILLEREST;42
1252;42430;SAINT-JUST-EN-CHEVALET;42
1253;42153;RIORGES;42
1254;42590;NEULISE;42
1255;42120;LE COTEAU;42
1256;42300;MABLY;42
1257;42510;BALBIGNY;42
1258;42120;PERREUX;42
1259;42720;BRIENNON;42
1260;42370;SAINT-HAON-LE-CHATEL;42
1261;43000;LE PUY EN VELAY;43
1262;43600;SAINTE-SIGOLENE;43
1263;43140;SEAUVE-SUR-SEMENE (LA);43
1264;43620;SAINT-PAL-DE-MONS;43
1265;43400;LE CHAMBON SUR LIGNON;43
1266;43300;LANGEAC;43
1267;43000;ESPALY-SAINT-MARCEL;43
1268;43140;SAINT-DIDIER-EN-VELAY;43
1269;43700;BRIVES-CHARENSAC;43
1270;43110;AUREC-SUR-LOIRE;43
1271;43200;ARAULES;43
1272;43100;VIEILLE-BRIOUDE;43
1273;43330;PONT-SALOMON;43
1274;43100;BRIOUDE;43
1275;43200;YSSINGEAUX;43
1276;43590;BEAUZAC;43
1277;43240;SAINT JUST MALMONT;43
1278;44000;NANTES;44
1279;44230;ST SEBASTIEN SUR LOIRE;44
1280;44300;NANTES;44
1281;44100;NANTES;44
1282;44200;NANTES;44
1283;44800;ST-HERBLAIN;44
1284;44610;INDRE;44
1285;44470;THOUARE-SUR-LOIRE;44
1286;44240;CHAPELLE-SUR-ERDRE (LA);44
1287;44400;REZE;44
1288;44340;BOUGUENAIS;44
1289;44240;SUCE-SUR-ERDRE;44
1290;44310;ST-PHILBERT-DE-GRAND-LIEU;44
1291;44115;BASSE-GOULAINE;44
1292;44119;TREILLIERES;44
1293;44850;LIGNE;44
1294;44840;SORINIERES (LES);44
1295;44140;AIGREFEUILLE SUR MAINE;44
1296;44470;CARQUEFOU;44
1297;44270;MACHECOUL-SAINT-MEME;44
1298;44980;SAINTE-LUCE-SUR-LOIRE;44
1299;44850;MOUZEIL;44
1300;44690;HAIE-FOUASSIERE (LA);44
1301;44700;ORVAULT;44
1302;44120;VERTOU;44
1303;44150;ANCENIS-SAINT-GEREON;44
1304;44690;MAISDON-SUR-SEVRE;44
1305;44190;CLISSON;44
1306;44450;SAINT-JULIEN-DE-CONCELLES;44
1307;44830;BOUAYE;44
1308;44860;PONT-SAINT-MARTIN;44
1309;44119;GRANDCHAMP-DES-FONTAINES;44
1310;44430;LOROUX-BOTTEREAU (LE);44
1311;44440;RIAILLE;44
1312;44370;LOIREAUXENCE;44
1313;44880;SAUTRON;44
1314;44330;CHAPELLE-HEULIN (LA);44
1315;44760;LA BERNERIE EN RETZ;44
1316;44250;SAINT BREVIN LES PINS;44
1317;44210;PORNIC;44
1318;44730;SAINT-MICHEL-CHEF-CHEF;44
1319;44770;LA PLAINE-SUR-MER;44
1320;44680;SAINTE PAZANNE;44
1321;44320;SAINT-PERE-EN-RETZ;44
1322;44620;LA MONTAGNE;44
1323;44640;PELLERIN (LE);44
1324;44560;PAIMBOEUF;44
1325;44770;PREFAILLES;44
1326;44380;PORNICHET;44
1327;44600;SAINT-NAZAIRE;44
1328;44220;COUERON;44
1329;44160;BESNE;44
1330;44130;BLAIN;44
1331;44570;TRIGNAC;44
1332;44780;MISSILLAC;44
1333;44550;MONTOIR-DE-BRETAGNE;44
1334;44360;SAINT-ETIENNE-DE-MONTLUC;44
1335;44260;SAVENAY;44
1336;44290;GUEMENE PENFAO;44
1337;44550;SAINT-MALO-DE-GUERSAC;44
1338;44160;SAINTE-REINE-DE-BRETAGNE;44
1339;44360;LE TEMPLE DE BRETAGNE;44
1340;44460;SAINT-NICOLAS-DE-REDON;44
1341;44480;DONGES;44
1342;44750;CAMPBON;44
1343;44360;VIGNEUX DE BRETAGNE;44
1344;44510;LE POULIGUEN;44
1345;44350;GUERANDE;44
1346;44420;LA TURBALLE;44
1347;44740;BATZ-SUR-MER;44
1348;44500;LA BAULE-ESCOUBLAC;44
1349;44420;MESQUER;44
1350;44490;LE CROISIC;44
1351;44117;SAINT-ANDRE-DES-EAUX;44
1352;44420;PIRIAC-SUR-MER;44
1353;44350;SAINT MOLF;44
1354;44390;NORT SUR ERDRE;44
1355;44110;CHATEAUBRIANT;44
1356;45800;ST JEAN DE BRAYE;45
1357;45000;ORLEANS;45
1358;45160;OLIVET;45
1359;45380;LA CHAPELLE ST MESMIN;45
1360;45140;ST JEAN DE LA RUELLE;45
1361;45650;SAINT-JEAN-LE-BLANC;45
1362;45100;ORLEANS;45
1363;45400;CHANTEAU;45
1364;45160;SAINT-HILAIRE-SAINT-MESMIN;45
1365;45400;FLEURY LES AUBRAIS;45
1366;45140;INGRE;45
1367;45400;SEMOY;45
1368;45750;SAINT-PRYVE-SAINT-MESMIN;45
1369;45770;SARAN;45
1370;45560;SAINT-DENIS-EN-VAL;45
1371;45430;CHECY;45
1372;45140;BOULAY-LES-BARRES;45
1373;45190;BEAUGENCY;45
1374;45160;ARDON;45
1375;45240;LA FERTE SAINT-AUBIN;45
1376;45170;NEUVILLE-AUX-BOIS;45
1377;45740;LAILLY EN VAL;45
1378;45110;CHATEAUNEUF S LOIRE;45
1379;45150;JARGEAU;45
1380;45640;SANDILLON;45
1381;45130;MEUNG-SUR-LOIRE;45
1382;45310;PATAY;45
1383;45200;MONTARGIS;45
1384;45120;CHALETTE-SUR-LOING;45
1385;45320;SAINT-HILAIRE-LES-ANDRESIS;45
1386;45200;AMILLY;45
1387;45120;CEPOY;45
1388;45390;PUISEAUX;45
1389;45330;LE MALESHERBOIS;45
1390;45300;PITHIVIERS;45
1391;45340;BEAUNE-LA-ROLANDE;45
1392;45500;GIEN;45
1393;45600;SULLY-SUR-LOIRE;45
1394;45250;BRIARE;45
1395;46000;CAHORS;46
1396;47520;LE PASSAGE;47
1397;47000;AGEN;47
1398;47390;LAYRAC;47
1399;47240;LAFOX;47
1400;47700;CASTELJALOUX;47
1401;47550;BOE;47
1402;47450;COLAYRAC ST CIRQ;47
1403;47600;NERAC;47
1404;47190;AIGUILLON;47
1405;47200;MARMANDE;47
1406;47400;TONNEINS;47
1407;47300;VILLENEUVE SUR LOT;47
1408;47210;VILLEREAL;47
1409;47500;FUMEL;47
1410;47150;MONFLANQUIN;47
1411;47290;CASTELNAUD DE GRATECAMBE;47
1412;48000;MENDE;48
1413;48300;LANGOGNE;48
1414;48150;MEYRUEIS;48
1415;48100;MARVEJOLS;48
1416;48190;MONT LOZERE ET GOULET;48
1417;48800;VILLEFORT;48
1418;48130;PEYRE EN AUBRAC;48
1419;49000;ANGERS;49
1420;49100;ANGERS;49
1421;49130;LES PONTS DE CE;49
1422;49125;TIERCE;49
1423;49124;SAINT-BARTHELEMY-D ANJOU;49
1424;49610;MURS-ERIGNE;49
1425;49800;TRELAZE;49
1426;49130;STE GEMMES SUR LOIRE;49
1427;49125;CHEFFES;49
1428;49480;VERRIERES-EN-ANJOU;49
1429;49112;VERRIERES-EN-ANJOU;49
1430;49140;RIVES-DU-LOIR-EN-ANJOU;49
1431;49320;BRISSAC LOIRE AUBANCE;49
1432;49240;AVRILLE;49
1433;49170;SAINT-GEORGES-SUR-LOIRE;49
1434;49080;BOUCHEMAINE;49
1435;49460;MONTREUIL-JUIGNE;49
1436;49300;CHOLET;49
1437;49120;CHEMILLE-EN-ANJOU;49
1438;49340;TREMENTINES;49
1439;49450;BEAUPREAU-EN-MAUGES;49
1440;49600;BEAUPREAU-EN-MAUGES;49
1441;49280;LA TESSOUALLE;49
1442;49400;SAUMUR;49
1443;49590;FONTEVRAUD L ABBAYE;49
1444;49630;MAZE-MILON;49
1445;49500;SEGRE-EN-ANJOU BLEU;49
1446;50180;AGNEAUX;50
1447;50000;SAINT-LO;50
1448;50680;MOON-SUR-ELLE;50
1449;50500;CARENTAN LES MARAIS;50
1450;50400;GRANVILLE;50
1451;50300;AVRANCHES;50
1452;50600;GRANDPARIGNY;50
1453;50350;DONVILLE-LES-BAINS;50
1454;50600;SAINT-HILAIRE-DU-HARCOUET;50
1455;50370;BRECEY;50
1456;50610;JULLOUVILLE;50
1457;50170;PONTORSON;50
1458;50100;CHERBOURG-EN-COTENTIN;50
1459;50470;CHERBOURG-EN-COTENTIN;50
1460;50110;CHERBOURG-EN-COTENTIN;50
1461;50130;CHERBOURG-EN-COTENTIN;50
1462;50120;CHERBOURG-EN-COTENTIN;50
1463;50200;COUTANCES;50
1464;50430;SAINT-GERMAIN-SUR-AY;50
1465;50450;GAVRAY-SUR-SIENNE;50
1466;50560;GOUVILLE-SUR-MER;50
1467;50230;AGON-COUTAINVILLE;50
1468;50770;PIROU;50
1469;50190;PERIERS;50
1470;50430;LESSAY;50
1471;50250;LA HAYE;50
1472;50270;BARNEVILLE-CARTERET;50
1473;50550;SAINT-VAAST-LA-HOUGUE;50
1474;50270;BAUBIGNY;50
1475;50700;VALOGNES;50
1476;50580;PORT-BAIL-SUR-MER;50
1477;51000;CHALONS EN CHAMPAGNE;51
1478;51470;SAINT-MEMMIE;51
1479;51800;SAINTE MENEHOULD;51
1480;51300;BLACY;51
1481;51300;VITRY LE FRANCOIS;51
1482;51300;FRIGNICOURT;51
1483;51200;EPERNAY;51
1484;51700;DORMANS;51
1485;51530;VINAY;51
1486;51530;CRAMANT;51
1487;51190;AVIZE;51
1488;51700;MAREUIL-LE-PORT;51
1489;51100;REIMS;51
1490;51430;TINQUEUX;51
1491;51530;DIZY;51
1492;51160;AY-CHAMPAGNE;51
1493;51350;CORMONTREUIL;51
1494;51370;SAINT BRICE COURCELLES;51
1495;51500;CHIGNY-LES-ROSES;51
1496;51500;SILLERY;51
1497;51450;BETHENY;51
1498;51430;BEZANNES;51
1499;51170;FISMES;51
1500;51420;WITRY-LES-REIMS;51
1501;51530;MAGENTA;51
1502;51160;AVENAY-VAL-D'OR;51
1503;52800;NOGENT;52
1504;52000;CHAUMONT;52
1505;52200;LANGRES;52
1506;53200;CHATEAU-GONTIER-SUR-MAYENNE;53
1507;53800;CONGRIER;53
1508;53000;LAVAL;53
1509;53810;CHANGE;53
1510;53300;ST FRAIMBAULT DE PRIERES;53
1511;53100;MAYENNE;53
1512;54270;ESSEY LES NANCY;54
1513;54000;NANCY;54
1514;54500;VANDOEUVRE LES NANCY;54
1515;54700;PONT A MOUSSON;54
1516;54130;SAINT MAX;54
1517;54140;JARVILLE LA MALGRANGE;54
1518;54220;MALZEVILLE;54
1519;54600;VILLERS LES NANCY;54
1520;54250;CHAMPIGNEULLES;54
1521;54850;MEREVILLE;54
1522;54425;PULNOY;54
1523;54320;MAXEVILLE;54
1524;54520;LAXOU;54
1525;54390;FROUARD;54
1526;54136;BOUXIERES-AUX-DAMES;54
1527;54410;LANEUVEVILLE-DEVANT-NANCY;54
1528;54670;CUSTINES;54
1529;54510;TOMBLAINE;54
1530;54630;RICHARDMENIL;54
1531;54180;HEILLECOURT;54
1532;54550;PONT-SAINT-VINCENT;54
1533;54740;HAROUE;54
1534;54110;VARANGEVILLE;54
1535;54210;SAINT-NICOLAS-DE-PORT;54
1536;54150;VAL DE BRIEY;54
1537;54400;LONGWY;54
1538;54750;TRIEUX;54
1539;54730;GORCY;54
1540;54860;HAUCOURT-MOULAINE;54
1541;54240;JOEUF;54
1542;54800;JARNY;54
1543;54650;SAULNES;54
1544;54310;HOMECOURT;54
1545;54640;TUCQUEGNIEUX;54
1546;54350;MONT SAINT MARTIN;54
1547;54430;REHON;54
1548;54580;AUBOUE;54
1549;54810;LONGLAVILLE;54
1550;54880;THIL;54
1551;54260;LONGUYON;54
1552;54440;HERSERANGE;54
1553;54590;HUSSIGNY GODBRANGE;54
1554;54190;VILLERUPT;54
1555;54400;COSNES-ET-ROMAIN;54
1556;54870;CONS-LA-GRANDVILLE;54
1557;54800;HATRIZE;54
1558;54910;VALLEROY;54
1559;54300;LUNEVILLE;54
1560;54122;VATHIMENIL;54
1561;54360;DAMELEVIERES;54
1562;54360;MONT-SUR-MEURTHE;54
1563;54360;BLAINVILLE-SUR-L EAU;54
1564;54570;FOUG;54
1565;54200;PIERRE-LA-TREICHE;54
1566;54200;ECROUVES;54
1567;54200;TOUL;54
1568;54200;DOMMARTIN-LES-TOUL;54
1569;54200;VILLEY-SAINT-ETIENNE;54
1570;54119;DOMGERMAIN;54
1571;54470;THIAUCOURT-REGNIEVILLE;54
1572;55430;BELLEVILLE SUR MEUSE;55
1573;55100;VERDUN;55
1574;56640;ARZON;56
1575;56890;SAINT-AVE;56
1576;56000;VANNES;56
1577;56610;ARRADON;56
1578;56880;PLOEREN;56
1579;56680;PLOUHINEC;56
1580;56520;GUIDEL;56
1581;56680;GAVRES;56
1582;56260;LARMOR-PLAGE;56
1583;56100;LORIENT;56
1584;56570;LOCMIQUELIC;56
1585;56650;INZINZAC-LOCHRIST;56
1586;56290;PORT-LOUIS;56
1587;56530;GESTEL;56
1588;56700;HENNEBONT;56
1589;56270;PLOEMEUR;56
1590;56600;LANESTER;56
1591;56670;RIANTEC;56
1592;56620;CLEGUER;56
1593;56700;KERVIGNAC;56
1594;56440;LANGUIDIC;56
1595;56400;BRECH;56
1596;56400;PLOEMEL;56
1597;56400;AURAY;56
1598;56340;CARNAC;56
1599;56360;LOCMARIA;56
1600;56360;LE PALAIS;56
1601;56510;SAINT-PIERRE-QUIBERON;56
1602;56170;QUIBERON;56
1603;56550;BELZ;56
1604;56470;LA TRINITE SUR MER;56
1605;56410;ERDEVEN;56
1606;56400;LE BONO;56
1607;56410;ETEL;56
1608;56360;SAUZON;56
1609;56400;SAINTE-ANNE-D'AURAY;56
1610;56470;SAINT-PHILIBERT;56
1611;56330;PLUVIGNER;56
1612;56400;PLUNERET;56
1613;56340;PLOUHARNEL;56
1614;56140;MALESTROIT;56
1615;56800;PLOERMEL;56
1616;56300;PONTIVY;56
1617;56160;LIGNOL;56
1618;56150;BAUD;56
1619;58000;NEVERS;58
1620;58600;FOURCHAMBAULT;58
1621;58640;VARENNES-VAUZELLES;58
1622;58160;IMPHY;58
1623;58660;COULANGES LES NEVERS;58
1624;58300;DECIZE;58
1625;58000;SAINT ELOI;58
1626;59800;LILLE;59
1627;59110;LA MADELEINE;59
1628;59000;LILLE;59
1629;59370;MONS EN BAROEUL;59
1630;59130;LAMBERSART;59
1631;59155;FACHES THUMESNIL;59
1632;59260;LILLE;59
1633;59777;LILLE;59
1634;59350;SAINT-ANDRE;59
1635;59118;WAMBRECHIES;59
1636;59790;RONCHIN;59
1637;59520;MARQUETTE-LEZ-LILLE;59
1638;59650;VILLENEUVE-D'ASCQ;59
1639;59134;FOURNES-EN-WEPPES;59
1640;59170;CROIX;59
1641;59390;LYS LEZ LANNOY;59
1642;59491;VILLENEUVE-D'ASCQ;59
1643;59100;ROUBAIX;59
1644;59150;WATTRELOS;59
1645;59160;LILLE;59
1646;59136;WAVRIN;59
1647;59133;PHALEMPIN;59
1648;59810;LESQUIN;59
1649;59390;LANNOY;59
1650;59320;ENNETIERES-EN-WEPPES;59
1651;59120;LOOS;59
1652;59320;SEQUEDIN;59
1653;59251;ALLENNES-LES-MARAIS;59
1654;59139;WATTIGNIES;59
1655;59290;WASQUEHAL;59
1656;59710;AVELIN;59
1657;59780;WILLEMS;59
1658;59320;HAUBOURDIN;59
1659;59493;VILLENEUVE-D'ASCQ;59
1660;59113;SECLIN;59
1661;59710;PONT-A-MARCQ;59
1662;59242;TEMPLEUVE EN PEVELE;59
1663;59830;CYSOING;59
1664;59320;HALLENNES-LEZ-HAUBOURDIN;59
1665;59510;HEM;59
1666;59235;BERSEE;59
1667;59420;MOUVAUX;59
1668;59700;MARCQ EN BAROEUL;59
1669;59223;RONCQ;59
1670;59200;TOURCOING;59
1671;59280;ARMENTIERES;59
1672;59840;PERENCHIES;59
1673;59250;HALLUIN;59
1674;59890;DEULEMONT;59
1675;59960;NEUVILLE EN FERRAIN;59
1676;59910;BONDUES;59
1677;59126;LINSELLES;59
1678;59890;QUESNOY SUR DEULE;59
1679;59760;GRANDE-SYNTHE;59
1680;59270;BAILLEUL;59
1681;59190;HAZEBROUCK;59
1682;59500;DOUAI;59
1683;59552;LAMBRES LEZ DOUAI;59
1684;59450;SIN LE NOBLE;59
1685;59490;SOMAIN;59
1686;59310;FAUMONT;59
1687;59146;PECQUENCOURT;59
1688;59600;MAUBEUGE;59
1689;59540;CAUDRY;59
1690;59400;CAMBRAI;59
1691;59590;RAISMES;59
1692;59300;VALENCIENNES;59
1693;59770;MARLY;59
1694;59230;SAINT-AMAND-LES-EAUX;59
1695;59410;ANZIN;59
1696;59178;HASNON;59
1697;59125;TRITH-ST-LEGER;59
1698;59220;DENAIN;59
1699;60000;BEAUVAIS;60
1700;60110;MERU;60
1701;60590;TRIE CHATEAU;60
1702;60540;BORNEL;60
1703;60430;NOAILLES;60
1704;60790;VALDAMPIERRE;60
1705;60240;CHAUMONT-EN-VEXIN;60
1706;60570;LABOISSIERE EN THELLE;60
1707;60570;ANDEVILLE;60
1708;60000;GOINCOURT;60
1709;60730;STE GENEVIEVE;60
1710;60240;LOCONVILLE;60
1711;60290;RANTIGNY;60
1712;60600;CLERMONT;60
1713;60140;LIANCOURT;60
1714;60600;FITZ JAMES;60
1715;60290;LAIGNEVILLE;60
1716;60250;MOUY;60
1717;60360;CREVECOEUR LE GRAND;60
1718;60510;LA RUE ST PIERRE;60
1719;60200;COMPIEGNE;60
1720;60280;MARGNY LES COMPIEGNE;60
1721;60280;CLAIROIX;60
1722;60400;NOYON;60
1723;60170;RIBECOURT DRESLINCOURT;60
1724;60610;LACROIX ST OUEN;60
1725;60280;VENETTE;60
1726;60190;LACHELLE;60
1727;60350;ATTICHY;60
1728;60880;JAUX;60
1729;60150;THOUROTTE;60
1730;60880;LE MEUX;60
1731;60170;CAMBRONNE LES RIBECOURT;60
1732;60660;ST VAAST LES MELLO;60
1733;60700;PONT STE MAXENCE;60
1734;60180;NOGENT SUR OISE;60
1735;60660;CIRES LES MELLO;60
1736;60410;SAINTINES;60
1737;60530;DIEUDONNE;60
1738;60460;PRECY SUR OISE;60
1739;60300;SENLIS;60
1740;60500;CHANTILLY;60
1741;60270;GOUVIEUX;60
1742;60100;CREIL;60
1743;60440;NANTEUIL LE HAUDOUIN;60
1744;60870;VILLERS ST PAUL;60
1745;60520;LA CHAPELLE EN SERVAL;60
1746;60700;FLEURINES;60
1747;60550;VERNEUIL EN HALATTE;60
1748;60160;MONTATAIRE;60
1749;60800;CREPY EN VALOIS;60
1750;60560;ORRY LA VILLE;60
1751;60740;ST MAXIMIN;60
1752;60300;AVILLY ST LEONARD;60
1753;60260;LAMORLAYE;60
1754;60340;ST LEU D ESSERENT;60
1755;60320;BETHISY ST MARTIN;60
1756;60410;VERBERIE;60
1757;60160;THIVERNY;60
1758;60230;CHAMBLY;60
1759;60800;LEVIGNEN;60
1760;60820;BORAN SUR OISE;60
1761;60320;BETHISY ST PIERRE;60
1762;60580;COYE LA FORET;60
1763;60500;VINEUIL ST FIRMIN;60
1764;60330;LE PLESSIS BELLEVILLE;60
1765;60128;MORTEFONTAINE;60
1766;60660;CRAMOISY;60
1767;60500;GOUVIEUX;60
1768;60440;PEROY LES GOMBRIES;60
1769;60530;NEUILLY EN THELLE;60
1770;60950;VER SUR LAUNETTE;60
1771;60260;GOUVIEUX;60
1772;60530;LE MESNIL EN THELLE;60
1773;60128;PLAILLY;60
1774;61000;ALENCON;61
1775;61100;FLERS;61
1776;61140;BAGNOLES DE L'ORNE NORMANDIE;61
1777;62000;ARRAS;62
1778;62217;ACHICOURT;62
1779;62223;SAINT-NICOLAS;62
1780;62300;ELEU-DIT-LEAUWETTE;62
1781;62223;ANZIN-SAINT-AUBIN;62
1782;62217;BEAURAINS;62
1783;62210;AVION;62
1784;62223;SAINTE-CATHERINE;62
1785;62580;NEUVILLE-ST-VAAST;62
1786;62690;SAVY-BERLETTE;62
1787;62118;BIACHE-SAINT-VAAST;62
1788;62400;BETHUNE;62
1789;62460;DIVION;62
1790;62196;HESDIGNEUL-LES-BETHUNE;62
1791;62660;BEUVRY;62
1792;62330;ISBERGUES;62
1793;62160;AIX NOULETTE;62
1794;62440;HARNES;62
1795;62220;CARVIN;62
1796;62640;MONTIGNY EN GOHELLE;62
1797;62410;WINGLES;62
1798;62300;LENS;62
1799;62750;LOOS EN GOHELLE;62
1800;62110;HENIN-BEAUMONT;62
1801;62930;WIMEREUX;62
1802;62152;NEUFCHATEL-HARDELOT;62
1803;62280;ST MARTIN BOULOGNE;62
1804;62100;CALAIS;62
1805;62179;WISSANT;62
1806;62200;BOULOGNE SUR MER;62
1807;62250;MARQUISE;62
1808;62600;BERCK;62
1809;62520;LE TOUQUET PARIS PLAGE;62
1810;62780;CUCQ;62
1811;62155;MERLIMONT;62
1812;62120;AIRE-SUR-LA-LYS;62
1813;62575;BLENDECQUES;62
1814;62500;SAINT OMER;62
1815;62219;LONGUENESSE;62
1816;62510;ARQUES;62
1817;63200;RIOM;63
1818;63140;CHATELGUYON;63
1819;63230;PONTGIBAUD;63
1820;63300;THIERS;63
1821;63500;ISSOIRE;63
1822;63710;SAINT-NECTAIRE;63
1823;63610;BESSE-ET-SAINT-ANASTAISE;63
1824;63114;MONTPEYROUX;63
1825;63680;CHASTREIX;63
1826;64000;PAU;64
1827;64140;BILLERE;64
1828;64140;LONS;64
1829;64320;BIZANOS;64
1830;64121;SERRES CASTET;64
1831;64450;MIOSSENS LANUSSE;64
1832;64110;JURANCON;64
1833;64320;IDRON;64
1834;64190;NAVARRENX;64
1835;64150;MOURENX;64
1836;64110;GELOS;64
1837;64230;SAUVAGNON;64
1838;64230;MAZEROLLES;64
1839;64300;ORTHEZ;64
1840;64230;LESCAR;64
1841;64110;RONTIGNON;64
1842;64160;MORLAAS;64
1843;64230;DENGUIN;64
1844;64800;LESTELLE BETHARRAM;64
1845;64400;OLORON SAINTE MARIE;64
1846;64260;REBENACQ;64
1847;64440;EAUX BONNES;64
1848;64400;MOUMOUR;64
1849;64440;LARUNS;64
1850;64800;NAY;64
1851;64260;SEVIGNACQ MEYRACQ;64
1852;64570;ARETTE;64
1853;64100;BAYONNE;64
1854;64200;BIARRITZ;64
1855;64600;ANGLET;64
1856;64480;USTARITZ;64
1857;64500;SAINT-JEAN-DE-LUZ;64
1858;64130;MAULEON LICHARRE;64
1859;64700;HENDAYE;64
1860;64990;LAHONCE;64
1861;64200;BASSUSSARRY;64
1862;64500;CIBOURE;64
1863;64240;HASPARREN;64
1864;64220;UHART-CIZE;64
1865;64120;SAINT-PALAIS;64
1866;65100;LOURDES;65
1867;65400;ARGELES-GAZOST;65
1868;65130;CAPVERN;65
1869;65000;TARBES;65
1870;65110;CAUTERETS;65
1871;65170;SAINT-LARY-SOULAN;65
1872;65240;ARREAU;65
1873;65170;SAILHAN;65
1874;65710;CAMPAN;65
1875;65200;BAGNERES-DE-BIGORRE;65
1876;65120;BAREGES;65
1877;65120;ESQUIEZE-SERE;65
1878;65600;SEMEAC;65
1879;65120;LUZ-SAINT-SAUVEUR;65
1880;65240;GERM;65
1881;65170;ARAGNOUET;65
1882;65100;ADE;65
1883;65170;VIELLE-AURE;65
1884;66700;ARGELES SUR MER;66
1885;66200;ELNE;66
1886;66140;CANET EN ROUSSILLON;66
1887;66470;SAINTE-MARIE-LA-MER;66
1888;66750;SAINT-CYPRIEN;66
1889;66100;PERPIGNAN;66
1890;66000;PERPIGNAN;66
1891;66440;TORREILLES;66
1892;66420;LE BARCARES;66
1893;66200;CORNEILLA DEL VERCOL;66
1894;66350;TOULOUGES;66
1895;66200;ALENYA;66
1896;66210;LES ANGLES;66
1897;66210;BOLQUERE;66
1898;66110;AMELIE LES BAINS;66
1899;66400;CERET;66
1900;66120;FONT-ROMEU ODEILLO-VIA;66
1901;66600;RIVESALTES;66
1902;66210;PUYVALADOR;66
1903;66220;SAINT-PAUL-DE-FENOUILLET;66
1904;66210;FORMIGUERES;66
1905;66160;LE BOULOU;66
1906;69250;ALBIGNY-SUR-SAONE;69
1907;69002;LYON 2EME;69
1908;69250;NEUVILLE SUR SAONE;69
1909;69004;LYON 4EME;69
1910;69005;LYON 5EME;69
1911;69009;LYON 9EME;69
1912;69650;QUINCIEUX;69
1913;69300;CALUIRE ET CUIRE;69
1914;69001;LYON 1ER;69
1915;69140;RILLIEUX-LA-PAPE;69
1916;69270;FONTAINES SUR SAONE;69
1917;69730;GENAY;69
1918;69250;FLEURIEU-SUR-SAONE;69
1919;69270;COUZON-AU-MONT-D OR;69
1920;69580;SATHONAY-CAMP;69
1921;69250;CURIS-AU-MONT-D'OR;69
1922;69270;CAILLOUX-SUR-FONTAINES;69
1923;69270;ROCHETAILLEE-SUR-SAONE;69
1924;69270;SAINT-ROMAIN-AU-MONT-D OR;69
1925;69250;MONTANAY;69
1926;69580;SATHONAY-VILLAGE;69
1927;69650;SAINT-GERMAIN-AU-MONT-D OR;69
1928;69003;LYON 3EME;69
1929;69007;LYON 7EME;69
1930;69006;LYON 6EME;69
1931;69008;LYON 8EME;69
1932;69330;MEYZIEU;69
1933;69780;SAINT-PIERRE-DE-CHANDIEU;69
1934;69100;VILLEURBANNE;69
1935;69200;VENISSIEUX;69
1936;69150;DECINES-CHARPIEU;69
1937;69360;TERNAY;69
1938;69120;VAULX EN VELIN;69
1939;69800;SAINT-PRIEST;69
1940;69780;MIONS;69
1941;69190;ST FONS;69
1942;69680;CHASSIEU;69
1943;69500;BRON;69
1944;69960;CORBAS;69
1945;69740;GENAS;69
1946;69720;SAINT-BONNET-DE-MURE;69
1947;69360;SEREZIN-DU-RHONE;69
1948;69320;FEYZIN;69
1949;69720;SAINT-LAURENT-DE-MURE;69
1950;69360;SOLAIZE;69
1951;69360;SAINT-SYMPHORIEN-D'OZON;69
1952;69780;TOUSSIEU;69
1953;69230;SAINT-GENIS-LAVAL;69
1954;69600;OULLINS;69
1955;69350;LA MULATIERE;69
1956;69110;SAINTE FOY LES LYON;69
1957;69510;SOUCIEU EN JARREST;69
1958;69530;BRIGNAIS;69
1959;69420;CONDRIEU;69
1960;69440;TALUYERS;69
1961;69520;GRIGNY;69
1962;69700;GIVORS;69
1963;69540;IRIGNY;69
1964;69420;AMPUIS;69
1965;69440;SAINT LAURENT D'AGNY;69
1966;69390;CHARLY;69
1967;69310;PIERRE BENITE;69
1968;69390;VERNAISON;69
1969;69560;SAINTE-COLOMBE;69
1970;69560;SAINT ROMAIN EN GAL;69
1971;69700;ECHALAS;69
1972;69700;MONTAGNY;69
1973;69440;MORNANT;69
1974;69630;CHAPONOST;69
1975;69390;VOURLES;69
1976;69340;FRANCHEVILLE;69
1977;69660;COLLONGES-AU-MONT- D OR;69
1978;69130;ECULLY;69
1979;69570;DARDILLY;69
1980;69290;CRAPONNE;69
1981;69160;TASSIN-LA-DEMI-LUNE;69
1982;69126;BRINDAS;69
1983;69850;DUERNE;69
1984;69280;MARCY-L ETOILE;69
1985;69380;MARCILLY-D AZERGUES;69
1986;69210;L ARBRESLE;69
1987;69410;CHAMPAGNE-AU-MONT-D OR;69
1988;69210;FLEURIEUX-SUR-L ARBRESLE;69
1989;69290;GREZIEU-LA-VARENNE;69
1990;69760;LIMONEST;69
1991;69260;CHARBONNIERES-LES-BAINS;69
1992;69210;SAIN-BEL;69
1993;69210;LENTILLY;69
1994;69380;CHASSELAY;69
1995;69690;BRUSSIEU;69
1996;69210;BULLY;69
1997;69450;SAINT CYR AU MONT D OR;69
1998;69210;SAINT GERMAIN NUELLES;69
1999;69690;COURZIEU;69
2000;69380;DOMMARTIN;69
2001;69290;POLLIONNAY;69
2002;69890;LA TOUR DE SALVAGNY;69
2003;69610;SAINTE-FOY-L ARGENTIERE;69
2004;69370;SAINT-DIDIER-AU-MONT-D OR;69
2005;69590;SAINT SYMPHORIEN SUR COISE;69
2006;69510;THURINS;69
2007;69490;SARCEY;69
2008;69400;VILLEFRANCHE;69
2009;69240;THIZY LES BOURGS;69
2010;69380;LOZANNE;69
2011;69400;LIMAS;69
2012;69380;ALIX;69
2013;69400;ARNAS;69
2014;69170;TARARE;69
2015;69400;GLEIZE;69
2016;69830;SAINT GEORGES DE RENEINS;69
2017;69220;CHARENTAY;69
2018;69480;ANSE;69
2019;69870;LAMURE SUR AZERGUES;69
2020;69430;SAINT-DIDIER-SUR-BEAUJEU;69
2021;69220;BELLEVILLE-EN-BEAUJOLAIS;69
2022;69490;SAINT-FORGEUX;69
2023;69550;AMPLEPUIS;69
2024;69640;VILLE SUR JARNIOUX;69
2025;69640;SAINT-JULIEN;69
2026;69620;LEGNY;69
2027;69620;VAL D'OINGT;69
2028;69220;CERCIE;69
2029;69480;LUCENAY;69
2030;69380;CHESSY;69
2031;69480;MARCY;69
2032;70300;LUXEUIL-LES-BAINS;70
2033;70400;HERICOURT;70
2034;70200;LURE;70
2035;70300;SAINT-SAUVEUR;70
2036;70400;CHALONVILLARS;70
2037;70110;VILLERSEXEL;70
2038;70400;CHAGEY;70
2039;70000;VESOUL;70
2040;70000;NOIDANS-LES-VESOUL;70
2041;70000;NAVENNE;70
2042;70190;RIOZ;70
2043;70000;PUSEY;70
2044;70000;ECHENOZ-LA-MELINE;70
2045;70100;ARC-LES-GRAY;70
2046;71000;MACON;71
2047;71700;TOURNUS;71
2048;71250;CLUNY;71
2049;71210;MONTCHANIN;71
2050;71390;SAINT-DESERT;71
2051;71100;CHALON-SUR-SAONE;71
2052;71640;GIVRY;71
2053;71100;SAINT-REMY;71
2054;71300;MONTCEAU LES MINES;71
2055;71230;SAINT VALLIER;71
2056;71150;CHAGNY;71
2057;71120;CHAROLLES;71
2058;71600;PARAY LE MONIAL;71
2059;71170;CHAUFFAILLES;71
2060;71160;DIGOIN;71
2061;71400;AUTUN;71
2062;71200;LE CREUSOT;71
2063;71450;BLANZY;71
2064;71200;SAINT SERNIN DU BOIS;71
2065;71500;LOUHANS;71
2066;72000;LE MANS;72
2067;72230;RUAUDIN;72
2068;72700;ALLONNES;72
2069;72100;LE MANS;72
2070;72250;PARIGNE L EVEQUE;72
2071;72230;MULSANNE;72
2072;72500;MONTVAL-SUR-LOIR;72
2073;72450;MONTFORT-LE-GESNOIS;72
2074;72120;SAINT CALAIS;72
2075;72220;SAINT MARS D OUTILLE;72
2076;72300;SABLE SUR SARTHE;72
2077;72430;NOYEN SUR SARTHE;72
2078;72200;LA FLECHE;72
2079;72800;AUBIGNE RACAN;72
2080;72200;CLERMONT CREANS;72
2081;72400;LA FERTE BERNARD;72
2082;72610;CHAMPFLEUR;72
2083;72600;MAMERS;72
2084;72170;BEAUMONT SUR SARTHE;72
2085;73100;AIX LES BAINS;73
2086;73210;LA PLAGNE TARENTAISE;73
2087;73190;SAINT-JEOIRE-PRIEURE;73
2088;73440;LES BELLEVILLE;73
2089;73480;VAL CENIS;73
2090;73220;EPIERRE;73
2091;73200;ALBERTVILLE;73
2092;73450;VALLOIRE;73
2093;73130;SAINT FRANCOIS LONGCHAMP;73
2094;73450;VALMEINIER;73
2095;73490;LA RAVOIRE;73
2096;73230;BARBY;73
2097;73150;VAL-D ISERE;73
2098;73550;LES ALLUES;73
2099;73000;CHAMBERY;73
2100;73700;MONTVALEZAN;73
2101;73320;TIGNES;73
2102;73500;MODANE;73
2103;73500;AUSSOIS;73
2104;73700;BOURG-SAINT-MAURICE;73
2105;73100;MOUXY;73
2106;73210;AIME LA PLAGNE;73
2107;73000;BASSENS;73
2108;73620;HAUTELUCE;73
2109;73120;COURCHEVEL;73
2110;73230;SAINT-JEAN-D ARVEY;73
2111;73270;VILLARD SUR DORON;73
2112;73410;ENTRELACS;73
2113;73420;VOGLANS;73
2114;73100;TRESSERVE;73
2115;73590;FLUMET;73
2116;73290;LA MOTTE SERVOLEX;73
2117;73710;PRALOGNAN-LA-VANOISE;73
2118;73260;LES AVANCHERS VALMOREL;73
2119;73000;BARBERAZ;73
2120;73300;ALBIEZ-MONTROND;73
2121;74240;GAILLARD;74
2122;74330;LA BALME DE SILLINGY;74
2123;74600;ANNECY;74
2124;74210;FAVERGES-SEYTHENEX;74
2125;74000;ANNECY;74
2126;74230;MANIGOD;74
2127;74960;ANNECY;74
2128;74450;LE GRAND BORNAND;74
2129;74520;VALLEIRY;74
2130;74290;VEYRIER-DU-LAC;74
2131;74210;DOUSSARD;74
2132;74100;ANNEMASSE;74
2133;74940;ANNECY;74
2134;74160;NEYDENS;74
2135;74370;ARGONAY;74
2136;74150;RUMILLY;74
2137;74100;VETRAZ-MONTHOUX;74
2138;74560;MONNETIER-MORNEX;74
2139;74160;COLLONGES-SOUS-SALEVE;74
2140;74100;VILLE-LA-GRAND;74
2141;74380;LUCINGES;74
2142;74380;BONNE;74
2143;74330;POISY;74
2144;74520;CHENEX;74
2145;74160;SAINT-JULIEN-EN-GENEVOIS;74
2146;74220;LA CLUSAZ;74
2147;74230;THONES;74
2148;74370;ANNECY;74
2149;74350;ALLONZIER-LA-CAILLE;74
2150;74330;EPAGNY METZ-TESSY;74
2151;74410;DUINGT;74
2152;74350;COPPONEX;74
2153;74160;ARCHAMPS;74
2154;74570;GROISY;74
2155;74580;VIRY;74
2156;74290;MENTHON-SAINT-BERNARD;74
2157;74400;CHAMONIX MONT BLANC;74
2158;74250;VIUZ-EN-SALLAZ;74
2159;74120;PRAZ SUR ARLY;74
2160;74800;LA ROCHE SUR FORON;74
2161;74950;SCIONZIER;74
2162;74920;COMBLOUX;74
2163;74300;THYEZ;74
2164;74170;LES CONTAMINES MONTJOIE;74
2165;74130;MONT-SAXONNEX;74
2166;74490;ONNION;74
2167;74170;SAINT GERVAIS LES BAINS;74
2168;74700;SALLANCHES;74
2169;74300;ARACHES LA FRASSE;74
2170;74310;SERVOZ;74
2171;74440;TANINGES;74
2172;74260;LES GETS;74
2173;74120;MEGEVE;74
2174;74130;BONNEVILLE;74
2175;74190;PASSY;74
2176;74300;CLUSES;74
2177;74440;MORILLON;74
2178;74970;MARIGNIER;74
2179;74340;SAMOENS;74
2180;74660;VALLORCINE;74
2181;74120;DEMI-QUARTIER;74
2182;74800;CORNIER;74
2183;74310;LES HOUCHES;74
2184;74480;PASSY;74
2185;74250;LA TOUR;74
2186;74440;MIEUSSY;74
2187;74800;AMANCY;74
2188;74440;VERCHAIX;74
2189;74490;SAINT-JEOIRE;74
2190;74700;CORDON;74
2191;74800;SAINT-PIERRE-EN-FAUCIGNY;74
2192;74130;CONTAMINE-SUR-ARVE;74
2193;74130;GLIERES-VAL-DE-BORNE;74
2194;74460;MARNAZ;74
2195;74500;EVIAN-LES-BAINS;74
2196;74500;SAINT-PAUL-EN-CHABLAIS;74
2197;74430;SAINT-JEAN-D'AULPS;74
2198;76800;SAINT-ETIENNE-DU-ROUVRAY;76
2199;76100;ROUEN;76
2200;76000;ROUEN;76
2201;76240;MESNIL-ESNARD (LE);76
2202;76120;GRAND QUEVILLY (LE);76
2203;76240;BONSECOURS;76
2204;76140;PETIT QUEVILLY (LE);76
2205;76650;PETIT-COURONNE (LE);76
2206;76300;SOTTEVILLE-LES-ROUEN;76
2207;76320;CAUDEBEC-LES-ELBEUF;76
2208;76500;ELBEUF;76
2209;76410;TOURVILLE-LA-RIVIERE;76
2210;76320;SAINT PIERRE LES ELBEUF;76
2211;76920;AMFREVILLE-LA-MIVOIE;76
2212;76130;MONT-SAINT-AIGNAN;76
2213;76150;MAROMME;76
2214;76160;DARNETAL;76
2215;76380;CANTELEU;76
2216;76360;BARENTIN;76
2217;76230;BOIS GUILLAUME;76
2218;76160;SAINT-LEGER-DU-BOURG-DENIS;76
2219;76250;DEVILLE-LES-ROUEN;76
2220;76420;BIHOREL;76
2221;76960;NOTRE-DAME-DE-BONDEVILLE;76
2222;76360;VILLERS ECALLES;76
2223;76200;DIEPPE;76
2224;76880;ARQUES-LA-BATAILLE;76
2225;76470;LE TREPORT;76
2226;76260;EU;76
2227;76370;DIEPPE;76
2228;76610;LE HAVRE;76
2229;76620;LE HAVRE;76
2230;76600;LE HAVRE;76
2231;76310;STE ADRESSE;76
2232;76700;HARFLEUR;76
2233;76290;MONTIVILLIERS;76
2234;76210;GRUCHET-LE-VALASSE;76
2235;76430;SAINT-ROMAIN-DE-COLBOSC;76
2236;76700;SAINT-LAURENT-DE-BREVEDENT;76
2237;76400;FECAMP;76
2238;76210;LANQUETOT;76
2239;76170;LILLEBONNE;76
2240;76790;ETRETAT;76
2241;76330;PORT-JEROME-SUR-SEINE;76
2242;76700;GONFREVILLE L ORCHER;76
2243;76400;MANIQUERVILLE;76
2244;76210;BOLBEC;76
2245;76110;BREAUTE;76
2246;76440;FORGES-LES-EAUX;76
2247;76220;GOURNAY-EN-BRAY;76
2248;76490;RIVES-EN-SEINE;76
2249;76460;SAINT-VALERY-EN-CAUX;76
2250;76190;YVETOT;76
2251;76540;SAINT-PIERRE-EN-PORT;76
2252;76450;SAINT MARTIN AUX BUNEAUX;76
2253;76760;YERVILLE;76
2254;76970;GREMONVILLE;76
2255;77170;SERVON;77
2256;77330;OZOIR LA FERRIERE;77
2257;77000;MELUN;77
2258;77220;TOURNAN-EN-BRIE;77
2259;77000;VAUX-LE-PENIL;77
2260;77350;LE MEE SUR SEINE;77
2261;77170;BRIE COMTE ROBERT;77
2262;77720;CHAMPEAUX;77
2263;77380;COMBS LA VILLE;77
2264;77127;LIEUSAINT;77
2265;77310;SAINT-FARGEAU-PONTHIERRY;77
2266;77150;LESIGNY;77
2267;77630;BARBIZON;77
2268;77220;GRETZ-ARMAINVILLIERS;77
2269;77550;REAU;77
2270;77176;SAVIGNY-LE-TEMPLE;77
2271;77176;NANDY;77
2272;77220;PRESLES-EN-BRIE;77
2273;77340;PONTAULT COMBAULT;77
2274;77390;GUIGNES;77
2275;77590;CHARTRETTES;77
2276;77190;DAMMARIE LES LYS;77
2277;77240;CESSON;77
2278;77166;GRISY-SUISNES;77
2279;77820;CHATELET-EN-BRIE (LE);77
2280;77000;ROCHETTE(LA);77
2281;77133;MACHAULT;77
2282;77680;ROISSY-EN-BRIE;77
2283;77310;PRINGY;77
2284;77111;SOLERS;77
2285;77550;MOISSY-CRAMAYEL;77
2286;77130;MONTEREAU FAULT YONNE;77
2287;77140;SAINT-PIERRE-LES-NEMOURS;77
2288;77690;MONTIGNY-SUR-LOING;77
2289;77300;FONTAINEBLEAU;77
2290;77390;ANDREZEL;77
2291;77210;AVON;77
2292;77720;BOMBON;77
2293;77140;NEMOURS;77
2294;77111;SOIGNOLLES-EN-BRIE;77
2295;77850;HERICY;77
2296;77170;COUBERT;77
2297;77250;MORET-LOING-ET-ORVANNE;77
2298;77920;SAMOIS SUR SEINE;77
2299;77123;NOISY-SUR-ECOLE;77
2300;77173;CHEVRY-COSSIGNY;77
2301;77166;EVRY-GREGY-SUR-YERRE;77
2302;77390;CHAUMES-EN-BRIE;77
2303;77430;CHAMPAGNE SUR SEINE;77
2304;77240;SEINE-PORT;77
2305;77220;FAVIERES;77
2306;77720;MORMANT;77
2307;77940;VOULX;77
2308;77760;ACHERES-LA-FORET;77
2309;77390;CHAMPDEUIL;77
2310;77460;SOUPPES-SUR-LOING;77
2311;77135;PONTCARRE;77
2312;77670;SAINT-MAMMES;77
2313;77930;SAINT-SAUVEUR-SUR-ECOLE;77
2314;77115;SIVRY-COURTRY;77
2315;77590;BOIS LE ROI;77
2316;77630;SAINT-MARTIN-EN-BIERE;77
2317;77510;REBAIS;77
2318;77610;FONTENAY-TRESIGNY;77
2319;77120;COULOMMIERS;77
2320;77860;QUINCY-VOISINS;77
2321;77320;JOUY-SUR-MORIN;77
2322;77260;LA FERTE SOUS JOUARRE;77
2323;77450;ESBLY;77
2324;77730;CITRY;77
2325;77840;CROUY-SUR-OURCQ;77
2326;77163;MORTCERF;77
2327;77540;ROZAY-EN-BRIE;77
2328;77440;MARY-SUR-MARNE;77
2329;77860;COUILLY-PONT-AUX-DAMES;77
2330;77580;CRECY LA CHAPELLE;77
2331;77750;BASSEVELLE;77
2332;77450;CONDE-SAINTE-LIBIAIRE;77
2333;77320;FERTE-GAUCHER (LA);77
2334;77174;VILLENEUVE-SAINT-DENIS;77
2335;77139;DOUY-LA-RAMEE;77
2336;77169;SAINT-SIMEON;77
2337;77120;BEAUTHEIL-SAINTS;77
2338;77580;VILLIERS-SUR-MORIN;77
2339;77640;JOUARRE;77
2340;77130;CANNES-ECLUSE;77
2341;77690;GENEVRAYE (LA);77
2342;77410;CLAYE-SOUILLY;77
2343;77100;MEAUX;77
2344;77400;SAINT THIBAULT DES VIGNES;77
2345;77200;TORCY;77
2346;77500;CHELLES;77
2347;77270;VILLEPARISIS;77
2348;77230;LONGPERRIER;77
2349;77600;BUSSY-SAINT-GEORGES;77
2350;77700;SERRIS;77
2351;77144;MONTEVRAIN;77
2352;77186;NOISIEL;77
2353;77410;ANNET-SUR-MARNE;77
2354;77400;POMPONNE;77
2355;77090;COLLEGIEN;77
2356;77910;VARREDDES;77
2357;77400;LAGNY-SUR-MARNE;77
2358;77420;CHAMPS-SUR-MARNE;77
2359;77184;EMERAINVILLE;77
2360;77600;BUSSY-SAINT-MARTIN;77
2361;77178;SAINT-PATHUS;77
2362;77230;DAMMARTIN-EN-GOELE;77
2363;77360;VAIRES SUR MARNE;77
2364;77185;LOGNES;77
2365;77600;CHANTELOUP EN BRIE;77
2366;77700;MAGNY-LE-HONGRE;77
2367;77700;COUPVRAY;77
2368;77124;VILLENOY;77
2369;77400;THORIGNY SUR MARNE;77
2370;77700;BAILLY-ROMAINVILLIERS;77
2371;77181;LE PIN;77
2372;77124;CREGY-LES-MEAUX;77
2373;77700;CHESSY;77
2374;77230;VILLENEUVE SOUS DAMMARTIN;77
2375;77177;BROU-SUR-CHANTEREINE;77
2376;77410;VILLEVAUDE;77
2377;77164;FERRIERES-EN-BRIE;77
2378;77290;MITRY MORY;77
2379;77100;NANTEUIL-LES-MEAUX;77
2380;77400;DAMPMART;77
2381;77230;NANTOUILLET;77
2382;77410;CHARMENTRAY;77
2383;77470;TRILPORT;77
2384;77230;SAINT-MARD;77
2385;77165;SAINT-SOUPPLETS;77
2386;77178;OISSERY;77
2387;77280;OTHIS;77
2388;77600;JOSSIGNY;77
2389;77181;COURTRY;77
2390;77183;CROISSY-BEAUBOURG;77
2391;77450;TRILBARDOU;77
2392;77400;GOUVERNES;77
2393;77470;POINCY;77
2394;77400;CARNETIN;77
2395;77124;CHAUCONIN-NEUFMONTIERS;77
2396;77600;GUERMANTES;77
2397;77910;CHAMBRY;77
2398;77410;MESSY;77
2399;77230;THIEUX;77
2400;77450;ISLES-LES-VILLENOY;77
2401;77160;PROVINS;77
2402;77370;GASTINS;77
2403;77370;NANGIS;77
2404;77480;MOUY-SUR-SEINE;77
2405;77134;ORMES-SUR-VOULZIE (LES);77
2406;77480;MOUSSEAUX-LES-BRAY;77
2407;77370;MAISON-ROUGE;77
2408;78000;VERSAILLES;78
2409;78210;SAINT-CYR-L ECOLE;78
2410;78390;BOIS D ARCY;78
2411;78220;VIROFLAY;78
2412;78180;MONTIGNY LE BRETONNEUX;78
2413;78140;VELIZY VILLACOUBLAY;78
2414;78190;TRAPPES;78
2415;78280;GUYANCOURT;78
2416;78330;FONTENAY LE FLEURY;78
2417;78150;LE CHESNAY-ROCQUENCOURT;78
2418;78350;JOUY EN JOSAS;78
2419;78530;BUC;78
2420;78117;CHATEAUFORT;78
2421;78160;MARLY-LE-ROI;78
2422;78110;VESINET (LE);78
2423;78370;PLAISIR;78
2424;78340;CLAYES-SOUS-BOIS (LES);78
2425;78600;MAISONS-LAFFITTE;78
2426;78500;SARTROUVILLE;78
2427;78430;LOUVECIENNES;78
2428;78290;CROISSY SUR SEINE;78
2429;78420;CARRIERES SUR SEINE;78
2430;78800;HOUILLES;78
2431;78620;ETANG-LA-VILLE (L );78
2432;78400;CHATOU;78
2433;78450;VILLEPREUX;78
2434;78560;PORT-MARLY (LE);78
2435;78360;MONTESSON;78
2436;78600;MESNIL-LE-ROI (LE);78
2437;78380;BOUGIVAL;78
2438;78170;CELLE-SAINT-CLOUD (LA);78
2439;78590;NOISY LE ROI;78
2440;78860;SAINT-NOM-LA-BRETECHE;78
2441;78450;CHAVENAY;78
2442;78870;BAILLY;78
2443;78810;FEUCHEROLLES;78
2444;78700;CONFLANS SAINTE HONORINE;78
2445;78780;MAURECOURT;78
2446;78230;PECQ (LE);78
2447;78570;ANDRESY;78
2448;78100;SAINT-GERMAIN-EN-LAYE;78
2449;78630;ORGEVAL;78
2450;78580;MAULE;78
2451;78300;POISSY;78
2452;78510;TRIEL SUR SEINE;78
2453;78250;MEULAN-EN-YVELINES;78
2454;78955;CARRIERES SOUS POISSY;78
2455;78480;VERNEUIL SUR SEINE;78
2456;78130;MUREAUX (LES);78
2457;78260;ACHERES;78
2458;78750;MAREIL-MARLY;78
2459;78670;VILLENNES-SUR-SEINE;78
2460;78540;VERNOUILLET;78
2461;78410;AUBERGENVILLE;78
2462;78410;BOUAFLE;78
2463;78570;CHANTELOUP-LES-VIGNES;78
2464;78630;MORAINVILLIERS;78
2465;78920;ECQUEVILLY;78
2466;78112;SAINT-GERMAIN-EN-LAYE;78
2467;78740;VAUX-SUR-SEINE;78
2468;78250;MEZY-SUR-SEINE;78
2469;78240;CHAMBOURCY;78
2470;78121;CRESPIERES;78
2471;78410;NEZEL;78
2472;78410;FLINS-SUR-SEINE;78
2473;78680;EPONE;78
2474;78200;MANTES-LA-JOLIE;78
2475;78200;BUCHELAY;78
2476;78970;MEZIERES-SUR-SEINE;78
2477;78711;MANTES-LA-VILLE;78
2478;78550;HOUDAN;78
2479;78440;FONTENAY-SAINT-PERE;78
2480;78520;LIMAY;78
2481;78440;ISSOU;78
2482;78840;FRENEUSE;78
2483;78550;MAULETTE;78
2484;78200;PERDREAUVILLE;78
2485;78270;BENNECOURT;78
2486;78440;GARGENVILLE;78
2487;78790;SEPTEUIL;78
2488;78550;RICHEBOURG;78
2489;78270;BONNIERES-SUR-SEINE;78
2490;78270;LIMETZ-VILLEZ;78
2491;78930;GUERVILLE;78
2492;78820;JUZIERS;78
2493;78790;SAINT-MARTIN-DES-CHAMPS;78
2494;78200;MAGNANVILLE;78
2495;78910;ORVILLIERS;78
2496;78310;MAUREPAS;78
2497;78990;ELANCOURT;78
2498;78720;CERNAY-LA-VILLE;78
2499;78320;MESNIL-SAINT-DENIS (LE);78
2500;78114;MAGNY-LES-HAMEAUX;78
2501;78120;RAMBOUILLET;78
2502;78610;SAINT-LEGER-EN-YVELINES;78
2503;78690;ESSARTS-LE-ROI (LES);78
2504;78650;BEYNES;78
2505;78770;THOIRY;78
2506;78760;JOUARS-PONTCHARTRAIN;78
2507;78490;GALLUIS;78
2508;78640;SAINT-GERMAIN-DE-LA-GRANGE;78
2509;78640;NEAUPHLE-LE-CHATEAU;78
2510;78460;CHEVREUSE;78
2511;78730;SAINT-ARNOULT-EN-YVELINES;78
2512;78490;MAREIL-LE-GUYON;78
2513;78490;MESNULS (LES);78
2514;78470;SAINT-REMY-LES-CHEVREUSE;78
2515;78960;VOISINS-LE-BRETONNEUX;78
2516;78940;QUEUE-LES-YVELINES (LA);78
2517;78125;GAZERAN;78
2518;78310;COIGNIERES;78
2519;78490;MONTFORT-L AMAURY;78
2520;78830;BULLION;78
2521;78640;VILLIERS-SAINT-FREDERIC;78
2522;78610;PERRAY-EN-YVELINES (LE);78
2523;78490;TREMBLAY-SUR-MAULDRE (LE);78
2524;78830;BONNELLES;78
2525;78320;VERRIERE (LA);78
2526;78730;ROCHEFORT-EN-YVELINES;78
2527;78720;DAMPIERRE-EN-YVELINES;78
2528;79200;PARTHENAY;79
2529;79000;NIORT;79
2530;79400;EXIREUIL;79
2531;79180;CHAURAY;79
2532;79400;ST MAIXENT L ECOLE;79
2533;79340;LES FORGES;79
2534;79300;BRESSUIRE;79
2535;79270;FRONTENAY-ROHAN-ROHAN;79
2536;80000;AMIENS;80
2537;80090;AMIENS;80
2538;80330;LONGUEAU;80
2539;80680;SAINT-FUSCIEN;80
2540;80080;AMIENS;80
2541;80800;CORBIE;80
2542;80450;CAMON;80
2543;80160;PLACHY-BUYON;80
2544;80120;FORT-MAHON-PLAGE;80
2545;80550;LE CROTOY;80
2546;80410;CAYEUX-SUR-MER;80
2547;80600;DOULLENS;80
2548;80120;QUEND;80
2549;80130;FRIVILLE-ESCARBOTIN;80
2550;80350;MERS-LES-BAINS;80
2551;80460;AULT;80
2552;80100;ABBEVILLE;80
2553;80460;WOIGNARUE;80
2554;80230;SAINT-VALERY-SUR-SOMME;80
2555;80700;ROYE;80
2556;80170;MEHARICOURT;80
2557;80250;AILLY-SUR-NOYE;80
2558;80300;ALBERT;80
2559;80200;PERONNE;80
2560;81000;ALBI;81
2561;81310;LISLE-SUR-TARN;81
2562;81160;SAINT JUERY;81
2563;81100;CASTRES;81
2564;81200;MAZAMET;81
2565;81370;SAINT-SULPICE-LA-POINTE;81
2566;82200;MOISSAC;82
2567;82000;MONTAUBAN;82
2568;82290;LA VILLE DIEU DU TEMPLE;82
2569;82100;CASTELSARRASIN;82
2570;82500;BEAUMONT DE LOMAGNE;82
2571;82410;ST-ETIENNE-DE-TULMONT;82
2572;82700;MONTECH;82
2573;82290;MONTBETON;82
2574;82600;VERDUN-SUR-GARONNE;82
2575;82300;CAUSSADE;82
2576;82140;SAINT ANTONIN NOBLE VAL;82
2577;82170;GRISOLLES;82
2578;83600;FREJUS;83
2579;83300;DRAGUIGNAN;83
2580;83310;GRIMAUD;83
2581;83700;SAINT RAPHAEL;83
2582;83310;COGOLIN;83
2583;83990;SAINT TROPEZ;83
2584;83380;ROQUEBRUNE-SUR-ARGENS;83
2585;83420;LA CROIX VALMER;83
2586;83120;SAINTE MAXIME;83
2587;83520;ROQUEBRUNE-SUR-ARGENS;83
2588;83490;LE MUY;83
2589;83480;PUGET-SUR-ARGENS;83
2590;83350;RAMATUELLE;83
2591;83530;SAINT RAPHAEL;83
2592;83240;CAVALAIRE-SUR-MER;83
2593;83370;FREJUS;83
2594;83600;LES ADRETS DE L ESTEREL;83
2595;83600;BAGNOLS-EN-FORET;83
2596;83570;ENTRECASTEAUX;83
2597;83440;CALLIAN;83
2598;83170;BRIGNOLES;83
2599;83440;FAYENCE;83
2600;83440;SEILLANS;83
2601;83510;LORGUES;83
2602;83670;BARJOLS;83
2603;83440;MONTAUROUX;83
2604;83170;TOURVES;83
2605;83136;GAREOULT;83
2606;83830;BARGEMON;83
2607;83830;CLAVIERS;83
2608;83340;LE CANNET DES MAURES;83
2609;83440;TOURRETTES;83
2610;83590;GONFARON;83
2611;83460;LES ARCS;83
2612;83560;RIANS;83
2613;83136;ROCBARON;83
2614;83340;LE LUC;83
2615;83570;MONTFORT SUR ARGENS;83
2616;83690;SALERNES;83
2617;83550;VIDAUBAN;83
2618;83340;CABASSE;83
2619;83170;ROUGIERS;83
2620;83131;MONTFERRAT;83
2621;83690;TOURTOUR;83
2622;83470;ST MAXIMIN LA STE BAUME;83
2623;83130;LA GARDE;83
2624;83500;LA SEYNE SUR MER;83
2625;83200;TOULON;83
2626;83000;TOULON;83
2627;83140;SIX-FOURS-LES-PLAGES;83
2628;83160;LA VALETTE DU VAR;83
2629;83220;LE PRADET;83
2630;83100;TOULON;83
2631;83430;SAINT-MANDRIER-SUR-MER;83
2632;83200;LE REVEST LES EAUX;83
2633;83980;LE LAVANDOU;83
2634;83320;CARQUEIRANNE;83
2635;83150;BANDOL;83
2636;83110;SANARY SUR MER;83
2637;83210;SOLLIES-PONT;83
2638;83400;HYERES;83
2639;83330;LE BEAUSSET;83
2640;83270;SAINT-CYR-SUR-MER;83
2641;83250;LA LONDE LES MAURES;83
2642;83740;LA CADIERE D AZUR;83
2643;83190;OLLIOULES;83
2644;83230;BORMES-LES-MIMOSAS;83
2645;83210;LA FARLEDE;83
2646;83260;LA CRAU;83
2647;83390;PUGET-VILLE;83
2648;83390;CUERS;83
2649;83330;EVENOS;83
2650;83390;PIERREFEU-DU-VAR;83
2651;83210;BELGENTIER;83
2652;83210;SOLLIES-VILLE;83
2653;83210;SOLLIES-TOUCAS;83
2654;83660;CARNOULES;83
2655;83870;SIGNES;83
2656;83330;LE CASTELLET;83
2657;83610;COLLOBRIERES;83
2658;84200;CARPENTRAS;84
2659;84000;AVIGNON;84
2660;84170;MONTEUX;84
2661;84140;AVIGNON;84
2662;84410;BEDOIN;84
2663;84700;SORGUES;84
2664;84130;LE PONTET;84
2665;84310;MORIERES LES AVIGNON;84
2666;84210;PERNES LES FONTAINES;84
2667;84370;BEDARRIDES;84
2668;84260;SARRIANS;84
2669;84270;VEDENE;84
2670;84350;COURTHEZON;84
2671;84810;AUBIGNAN;84
2672;84320;ENTRAIGUES-SUR-LA-SORGUE;84
2673;84330;CAROMB;84
2674;84570;MALEMORT-DU-COMTAT;84
2675;84530;VILLELAURE;84
2676;84400;APT;84
2677;84800;L ISLE SUR LA SORGUE;84
2678;84120;PERTUIS;84
2679;84360;LAURIS;84
2680;84300;CAVAILLON;84
2681;84250;LE THOR;84
2682;84240;LA TOUR D AIGUES;84
2683;84800;SAUMANE-DE-VAUCLUSE;84
2684;84750;VIENS;84
2685;84490;SAINT-SATURNIN LES APT;84
2686;84470;CHATEAUNEUF-DE-GADAGNE;84
2687;84240;LA BASTIDE DES JOURDANS;84
2688;84360;MERINDOL;84
2689;84100;ORANGE;84
2690;84290;SAINTE-CECILE-LES-VIGNES;84
2691;84500;BOLLENE;84
2692;84150;JONQUIERES;84
2693;84190;VACQUEYRAS;84
2694;84110;VAISON-LA-ROMAINE;84
2695;84820;VISAN;84
2696;84330;BARROUX (LE);84
2697;84550;MORNAS;84
2698;84340;MALAUCENE;84
2699;84190;BEAUMES-DE-VENISE;84
2700;84230;CHATEAUNEUF-DU-PAPE;84
2701;84830;SERIGNAN-DU-COMTAT;84
2702;85000;ROCHE SUR YON (LA);85
2703;85660;SAINT-PHILBERT-DE-BOUAINE;85
2704;85140;ESSARTS EN BOCAGE;85
2705;85600;MONTAIGU-VENDEE;85
2706;85110;CHANTONNAY;85
2707;85260;BROUZILS (LES);85
2708;85620;ROCHESERVIERE;85
2709;85250;SAINT-FULGENT;85
2710;85500;HERBIERS (LES);85
2711;85290;MORTAGNE-SUR-SEVRE;85
2712;85200;FONTENAY-LE-COMTE;85
2713;85400;LUCON;85
2714;85460;AIGUILLON-SUR-MER (L );85
2715;85560;LONGEVILLE-SUR-MER;85
2716;85440;TALMONT-SAINT-HILAIRE;85
2717;85470;BRETIGNOLLES-SUR-MER;85
2718;85270;SAINT-HILAIRE-DE-RIEZ;85
2719;85100;SABLES-D'OLONNE (LES);85
2720;85180;SABLES-D'OLONNE (LES);85
2721;85800;SAINT-GILLES-CROIX-DE-VIE;85
2722;85460;FAUTE-SUR-MER (LA);85
2723;85360;TRANCHE-SUR-MER (LA);85
2724;85520;JARD-SUR-MER;85
2725;85340;SABLES-D'OLONNE (LES);85
2726;85520;SAINT-VINCENT-SUR-JARD;85
2727;85150;VAIRE;85
2728;85150;LES ACHARDS;85
2729;85300;CHALLANS;85
2730;85230;BEAUVOIR-SUR-MER;85
2731;85330;NOIRMOUTIER-EN-L'ILE;85
2732;85160;SAINT-JEAN-DE-MONTS;85
2733;85690;NOTRE-DAME-DE-MONTS;85
2734;85630;BARBATRE;85
2735;85550;BARRE-DE-MONTS (LA);85
2736;86000;POITIERS;86
2737;86360;CHASSENEUIL-DU-POITOU;86
2738;86550;MIGNALOUX-BEAUVOIR;86
2739;86240;FONTAINE-LE-COMTE;86
2740;86180;BUXEROLLES;86
2741;86100;CHATELLERAULT;86
2742;86270;LA ROCHE POSAY;86
2743;86410;BOURESSE;86
2744;86300;CHAUVIGNY;86
2745;87170;ISLE;87
2746;87000;LIMOGES;87
2747;87100;LIMOGES;87
2748;87500;ST YRIEIX LA PERCHE;87
2749;87400;ST-LEONARD-DE-NOBLAT;87
2750;87250;BESSINES-SUR-GARTEMPE;87
2751;87280;LIMOGES;87
2752;87270;COUZEIX;87
2753;88190;GOLBEY;88
2754;88000;EPINAL;88
2755;88220;HADOL;88
2756;88390;DARNIEULLES;88
2757;88800;VITTEL;88
2758;88150;CAPAVENIR VOSGES;88
2759;88270;DAMAS-ET-BETTEGNEY;88
2760;88000;CHANTRAINE;88
2761;88000;DEYVILLERS;88
2762;88000;LONGCHAMP;88
2763;88140;CONTREXEVILLE;88
2764;88500;MIRECOURT;88
2765;88300;NEUFCHATEAU;88
2766;88460;CHENIMENIL;88
2767;88270;PIERREFITTE;88
2768;88390;LES FORGES;88
2769;88390;GIRANCOURT;88
2770;88350;LIFFOL-LE-GRAND;88
2771;88600;LAVELINE-DEVANT-BRUYERES;88
2772;88700;RAMBERVILLERS;88
2773;88000;JEUXEY;88
2774;88230;FRAIZE;88
2775;88230;PLAINFAING;88
2776;88110;RAON L ETAPE;88
2777;88400;XONRUPT-LONGEMER;88
2778;88400;GERARDMER;88
2779;88100;PAIR-ET-GRANDRUPT;88
2780;88100;SAINT DIE DES VOSGES;88
2781;88100;SAINTE-MARGUERITE;88
2782;88580;SAULCY-SUR-MEURTHE;88
2783;88420;MOYENMOUTIER;88
2784;88430;GERBEPAL;88
2785;88530;LA FORGE;88
2786;88310;VENTRON;88
2787;88540;BUSSANG;88
2788;88250;LA BRESSE;88
2789;88200;REMIREMONT;88
2790;88160;RAMONCHAMP;88
2791;88360;RUPT-SUR-MOSELLE;88
2792;88200;SAINT-NABORD;88
2793;88160;LE THILLOT;88
2794;88120;VAGNEY;88
2795;88120;SAPOIS;88
2796;88310;CORNIMONT;88
2797;88200;ST-ETIENNE-LES-REMIREMONT;88
2798;88550;POUXEUX;88
2799;89000;AUXERRE;89
2800;89000;ST GEORGES SUR BAULCHE;89
2801;89700;TONNERRE;89
2802;89240;CHEVANNES;89
2803;89290;VENOY;89
2804;89420;MONTREAL;89
2805;89200;AVALLON;89
2806;89500;VILLENEUVE SUR YONNE;89
2807;89100;PARON;89
2808;89100;ST CLEMENT;89
2809;89100;SENS;89
2810;89150;SAVIGNY SUR CLAIRIS;89
2811;89150;ST VALERIEN;89
2812;89100;MALAY LE GRAND;89
2813;89260;THORIGNY-SUR-OREUSE;89
2814;89690;CHEROY;89
2815;90000;BELFORT;90
2816;90300;OFFEMONT;90
2817;90500;BEAUCOURT;90
2818;91070;BONDOUFLE;91
2819;91100;CORBEIL ESSONNES;91
2820;91800;BOUSSY-SAINT-ANTOINE;91
2821;91800;BRUNOY;91
2822;91000;EVRY-COURCOURONNES;91
2823;91450;ETIOLLES;91
2824;91540;MENNECY;91
2825;91100;VILLABE;91
2826;91330;YERRES;91
2827;91830;COUDRAY-MONTCEAUX (LE);91
2828;91610;BALLANCOURT-SUR-ESSONNE;91
2829;91280;SAINT-PIERRE-DU-PERRAY;91
2830;91210;DRAVEIL;91
2831;91480;VARENNES-JARCY;91
2832;91560;CROSNE;91
2833;91230;MONTGERON;91
2834;91450;SOISY-SUR-SEINE;91
2835;91270;VIGNEUX SUR SEINE;91
2836;91540;FONTENAY-LE-VICOMTE;91
2837;91250;SAINT-GERMAIN-LES-CORBEIL;91
2838;91090;LISSES;91
2839;91250;SAINTRY-SUR-SEINE;91
2840;91130;RIS-ORANGIS;91
2841;91710;VERT LE PETIT;91
2842;91860;EPINAY-SOUS-SENART;91
2843;91480;QUINCY-SOUS-SENART;91
2844;91080;EVRY-COURCOURONNES;91
2845;91540;ORMOY;91
2846;91250;TIGERY;91
2847;91750;CHAMPCUEIL;91
2848;91810;VERT LE GRAND;91
2849;91600;SAVIGNY-SUR-ORGE;91
2850;91200;ATHIS MONS;91
2851;91260;JUVISY SUR ORGE;91
2852;91700;SAINTE-GENEVIEVE-DES-BOIS;91
2853;91160;LONGJUMEAU;91
2854;91300;MASSY;91
2855;91420;MORANGIS;91
2856;91320;WISSOUS;91
2857;91380;CHILLY MAZARIN;91
2858;91160;SAULX-LES-CHARTREUX;91
2859;91160;BALLAINVILLIERS;91
2860;91170;VIRY CHATILLON;91
2861;91700;VILLIERS-SUR-ORGE;91
2862;91390;MORSANG-SUR-ORGE;91
2863;91350;GRIGNY;91
2864;91360;VILLEMOISSON-S-ORGE;91
2865;91550;PARAY-VIEILLE-POSTE;91
2866;91360;EPINAY SUR ORGE;91
2867;91160;CHAMPLAN;91
2868;91700;FLEURY-MEROGIS;91
2869;91240;SAINT-MICHEL-SUR-ORGE;91
2870;91310;MONTLHERY;91
2871;91310;LINAS;91
2872;91220;BRETIGNY SUR ORGE;91
2873;91630;CHEPTAINVILLE;91
2874;91290;ARPAJON;91
2875;91770;SAINT-VRAIN;91
2876;91520;EGLY;91
2877;91310;LONGPONT-SUR-ORGE;91
2878;91290;LA NORVILLE;91
2879;91680;BRUYERES-LE-CHATEL;91
2880;91180;SAINT-GERMAIN-LES-ARPAJON;91
2881;91340;OLLAINVILLE;91
2882;91310;LEUVILLE-SUR-ORGE;91
2883;91220;LE PLESSIS PATE;91
2884;91630;LEUDEVILLE;91
2885;91630;MAROLLES-EN-HUREPOIX;91
2886;91150;ETAMPES;91
2887;91820;BOUTIGNY-SUR-ESSONNE;91
2888;91790;BOISSY-SOUS-SAINT-YON;91
2889;91150;ORMOY-LA-RIVIERE;91
2890;91580;ETRECHY;91
2891;91840;SOISY-SUR-ECOLE;91
2892;91410;DOURDAN;91
2893;91690;SACLAS;91
2894;91490;MILLY-LA-FORET;91
2895;91740;PUSSAY;91
2896;91410;ROINVILLE-SOUS-DOURDAN;91
2897;91590;BAULNE;91
2898;91410;CORBREUSE;91
2899;91590;FERTE-ALAIS (LA);91
2900;91590;CERNY;91
2901;91150;MORIGNY-CHAMPIGNY;91
2902;91590;GUIGNEVILLE;91
2903;91510;LARDY;91
2904;91590;D   HUISON LONGUEVILLE;91
2905;91850;BOURAY-SUR-JUINE;91
2906;91490;COURANCES;91
2907;91650;BREUILLET;91
2908;91150;BRIERES-LES-SCELLES;91
2909;91720;MAISSE;91
2910;91530;VAL-SAINT-GERMAIN (LE);91
2911;91410;SAINT-CYR-SOUS-DOURDAN;91
2912;91760;ITTEVILLE;91
2913;91650;SAINT-YON;91
2914;91730;CHAMARANDE;91
2915;91820;VAYRES-SUR-ESSONNE;91
2916;91590;BOISSY-LE-CUTTE;91
2917;91580;VILLENEUVE-SUR-AUVERS;91
2918;91470;ANGERVILLIERS;91
2919;91670;ANGERVILLE;91
2920;91460;MARCOUSSIS;91
2921;91640;BRIIS-SOUS-FORGES;91
2922;91400;ORSAY;91
2923;91190;GIF SUR YVETTE;91
2924;91120;PALAISEAU;91
2925;91470;FORGES-LES-BAINS;91
2926;91940;LES ULIS;91
2927;91570;BIEVRES;91
2928;91620;NOZAY;91
2929;91440;BURES SUR YVETTE;91
2930;91470;LIMOURS;91
2931;91430;IGNY;91
2932;91370;VERRIERES LE BUISSON;91
2933;91620;VILLE-DU-BOIS (LA);91
2934;91140;VILLEBON SUR YVETTE;91
2935;91640;VAUGRIGNEUSE;91
2936;91400;GOMETZ-LA-VILLE;91
2937;91190;VILLIERS-LE-BACLE;91
2938;91940;GOMETZ-LE-CHATEL;91
2939;91140;VILLEJUST;91
2940;91940;SAINT-JEAN-DE-BEAUREGARD;91
2941;91400;SACLAY;91
2942;92800;PUTEAUX;92
2943;92500;RUEIL-MALMAISON;92
2944;92150;SURESNES;92
2945;92000;NANTERRE;92
2946;92400;COURBEVOIE;92
2947;92270;BOIS-COLOMBES;92
2948;92250;LA GARENNE-COLOMBES;92
2949;92600;ASNIERES-SUR-SEINE;92
2950;92230;GENNEVILLIERS;92
2951;92700;COLOMBES;92
2952;92390;VILLENEUVE-LA-GARENNE;92
2953;92300;LEVALLOIS-PERRET;92
2954;92110;CLICHY;92
2955;92200;NEUILLY-SUR-SEINE;92
2956;92100;BOULOGNE-BILLANCOURT;92
2957;92420;VAUCRESSON;92
2958;92380;GARCHES;92
2959;92210;SAINT-CLOUD;92
2960;92360;MEUDON;92
2961;92310;SEVRES;92
2962;75016;BOULOGNE-BILLANCOURT;92
2963;92190;MEUDON;92
2964;92410;VILLE-D'AVRAY;92
2965;92370;CHAVILLE;92
2966;92290;CHATENAY-MALABRY;92
2967;92340;BOURG-LA-REINE;92
2968;92130;ISSY-LES-MOULINEAUX;92
2969;92120;MONTROUGE;92
2970;92260;FONTENAY-AUX-ROSES;92
2971;92140;CLAMART;92
2972;92160;ANTONY;92
2973;92170;VANVES;92
2974;92330;SCEAUX;92
2975;92350;LE PLESSIS-ROBINSON;92
2976;92320;CHATILLON;92
2977;92220;BAGNEUX;92
2978;92240;MALAKOFF;92
2979;93310;LE PRE-SAINT-GERVAIS;93
2980;93230;ROMAINVILLE;93
2981;93260;LES LILAS;93
2982;93170;BAGNOLET;93
2983;93130;NOISY-LE-SEC;93
2984;93000;BOBIGNY;93
2985;93320;LES PAVILLONS-SOUS-BOIS;93
2986;93700;DRANCY;93
2987;93140;BONDY;93
2988;93500;PANTIN;93
2989;93400;SAINT-OUEN-SUR-SEINE;93
2990;93300;AUBERVILLIERS;93
2991;93200;SAINT-DENIS;93
2992;93120;LA COURNEUVE;93
2993;93800;EPINAY SUR SEINE;93
2994;93210;SAINT-DENIS;93
2995;93380;PIERREFITTE-SUR-SEINE;93
2996;93240;STAINS;93
2997;93350;LE BOURGET;93
2998;93430;VILLETANEUSE;93
2999;93450;L'ILE-SAINT-DENIS;93
3000;93440;DUGNY;93
3001;93410;VAUJOURS;93
3002;93290;TREMBLAY-EN-FRANCE;93
3003;93470;COUBRON;93
3004;93270;SEVRAN;93
3005;93390;CLICHY SOUS BOIS;93
3006;93190;LIVRY-GARGAN;93
3007;93600;AULNAY SOUS BOIS;93
3008;93420;VILLEPINTE;93
3009;93150;LE BLANC-MESNIL;93
3010;93330;NEUILLY-SUR-MARNE;93
3011;93360;NEUILLY-PLAISANCE;93
3012;93220;GAGNY;93
3013;93160;NOISY-LE-GRAND;93
3014;93460;GOURNAY SUR MARNE;93
3015;93340;LE RAINCY;93
3016;93370;MONTFERMEIL;93
3017;93100;MONTREUIL;93
3018;93110;ROSNY-SOUS-BOIS;93
3019;93250;VILLEMOMBLE;93
3020;94410;ST MAURICE;94
3021;94210;SAINT-MAUR-DES-FOSSES;94
3022;94100;SAINT-MAUR-DES-FOSSES;94
3023;94340;JOINVILLE-LE-PONT;94
3024;94140;ALFORTVILLE;94
3025;94700;MAISONS-ALFORT;94
3026;94220;CHARENTON-LE-PONT;94
3027;94000;CRETEIL;94
3028;94380;BONNEUIL-SUR-MARNE;94
3029;94200;IVRY-SUR-SEINE;94
3030;94230;CACHAN;94
3031;94270;LE KREMLIN-BICETRE;94
3032;94800;VILLEJUIF;94
3033;94260;FRESNES;94
3034;94600;CHOISY-LE-ROI;94
3035;94400;VITRY-SUR-SEINE;94
3036;94320;THIAIS;94
3037;94240;L'HAY-LES-ROSES;94
3038;94310;ORLY;94
3039;94550;CHEVILLY-LARUE;94
3040;94150;RUNGIS;94
3041;94250;GENTILLY;94
3042;94110;ARCUEIL;94
3043;94190;VILLENEUVE-SAINT-GEORGES;94
3044;94520;PERIGNY;94
3045;94470;BOISSY-SAINT-LEGER;94
3046;94460;VALENTON;94
3047;94430;CHENNEVIERES SUR MARNE;94
3048;94510;LA QUEUE-EN-BRIE;94
3049;94350;VILLIERS-SUR-MARNE;94
3050;94370;SUCY-EN-BRIE;94
3051;94450;LIMEIL-BREVANNES;94
3052;94440;VILLECRESNES;94
3053;94480;ABLON-SUR-SEINE;94
3054;94420;LE PLESSIS-TREVISE;94
3055;94520;MANDRES-LES-ROSES;94
3056;94290;VILLENEUVE-LE-ROI;94
3057;94880;NOISEAU;94
3058;94440;SANTENY;94
3059;94490;ORMESSON-SUR-MARNE;94
3060;94440;MAROLLES-EN-BRIE;94
3061;94130;NOGENT-SUR-MARNE;94
3062;94300;VINCENNES;94
3063;94360;BRY-SUR-MARNE;94
3064;94160;SAINT-MANDE;94
3065;94120;FONTENAY-SOUS-BOIS;94
3066;94170;LE PERREUX-SUR-MARNE;94
3067;94500;CHAMPIGNY-SUR-MARNE;94
3068;95300;PONTOISE;95
3069;95180;MENUCOURT;95
3070;95610;ERAGNY-SUR-OISE;95
3071;95310;ST OUEN L AUMONE;95
3072;95590;NOINTEL;95
3073;95430;AUVERS-SUR-OISE;95
3074;95290;L'ISLE-ADAM;95
3075;95000;CERGY;95
3076;95480;PIERRELAYE;95
3077;95280;JOUY-LE-MOUTIER;95
3078;95520;OSNY;95
3079;95800;CERGY;95
3080;95260;BEAUMONT-SUR-OISE;95
3081;95630;MERIEL;95
3082;95540;MERY-SUR-OISE;95
3083;95620;PARMAIN;95
3084;95830;CORMEILLES-EN-VEXIN;95
3085;95800;COURDIMANCHE;95
3086;95420;MAGNY-EN-VEXIN;95
3087;95490;VAUREAL;95
3088;95000;PONTOISE;95
3089;95660;CHAMPAGNE SUR-OISE;95
3090;95750;CHARS;95
3091;95300;ENNERY;95
3092;95340;PERSAN;95
3093;95650;BOISSY-L'AILLERIE;95
3094;95640;MARINES;95
3095;95840;VILLIERS-ADAM;95
3096;95760;VALMONDOIS;95
3097;95780;LA ROCHE-GUYON;95
3098;95420;GENAINVILLE;95
3099;95820;BRUYERES-SUR-OISE;95
3100;95690;LABBEVILLE;95
3101;95510;VETHEUIL;95
3102;95190;GOUSSAINVILLE;95
3103;95270;BELLOY-EN-FRANCE;95
3104;95500;GONESSE;95
3105;95330;DOMONT;95
3106;95400;ARNOUVILLE;95
3107;95700;ROISSY-EN-FRANCE;95
3108;95350;SAINT-BRICE-SOUS-FORET;95
3109;95140;GARGES-LES-GONESSE;95
3110;95440;ECOUEN;95
3111;95500;LE THILLAY;95
3112;95200;SARCELLES;95
3113;95560;MONTSOULT;95
3114;95470;SAINT-WITZ;95
3115;95460;EZANVILLE;95
3116;95570;BOUFFEMONT;95
3117;95560;MAFFLIERS;95
3118;95560;BAILLET-EN-FRANCE;95
3119;95380;LOUVRES;95
3120;95470;FOSSES;95
3121;95400;VILLIERS-LE-BEL;95
3122;95270;LUZARCHES;95
3123;95380;VILLERON;95
3124;95470;VEMARS;95
3125;95270;VIARMES;95
3126;95500;BONNEUIL-EN-FRANCE;95
3127;95470;SURVILLIERS;95
3128;95570;MOISSELLES;95
3129;95270;ASNIERES-SUR-OISE;95
3130;95380;PUISEUX-EN-FRANCE;95
3131;95190;FONTENAY-EN-PARISIS;95
3132;95270;CHAUMONTEL;95
3133;95270;SEUGY;95
3134;95160;MONTMORENCY;95
3135;95120;ERMONT;95
3136;95600;EAUBONNE;95
3137;95130;FRANCONVILLE LA GARENNE;95
3138;95130;PLESSIS-BOUCHARD (LE);95
3139;95740;FREPILLON;95
3140;95150;TAVERNY;95
3141;95880;ENGHIEN LES BAINS;95
3142;95320;ST LEU LA FORET;95
3143;95210;ST GRATIEN;95
3144;95170;DEUIL LA BARRE;95
3145;95250;BEAUCHAMP;95
3146;95410;GROSLAY;95
3147;95550;BESSANCOURT;95
3148;95390;SAINT-PRIX;95
3149;95580;MARGENCY;95
3150;95230;SOISY SS MONTMORENCY;95
3151;95360;MONTMAGNY;95
3152;95680;MONTLIGNON;95
3153;95580;ANDILLY;95
3154;95110;SANNOIS;95
3155;95220;HERBLAY-SUR-SEINE;95
3156;95100;ARGENTEUIL;95
3157;95370;MONTIGNY LES CORMEILLES;95
3158;95870;BEZONS;95
3159;95530;LA FRETTE-SUR-SEINE;95
3160;95240;CORMEILLES-EN-PARISIS;95
3161;97150;SAINT MARTIN;971
3162;97227;SAINTE ANNE;972
3163;97233;SCHOELCHER;972
3164;97290;MARIN;972
3165;97200;FORT DE FRANCE;972
3166;97229;TROIS ILETS;972
3167;97222;CASE PILOTE;972
3168;97224;DUCOS;972
3169;97232;LE LAMENTIN;972
3170;97223;DIAMANT;972
3171;97280;VAUCLIN;972
3172;97212;SAINT JOSEPH;972
3173;97228;SAINTE LUCE;972
3174;97234;FORT DE FRANCE;972
3175;97240;FRANCOIS;972
3176;97231;ROBERT;972
3177;97216;AJOUPA BOUILLON;972
3178;97220;TRINITE;972
3179;97213;GROS MORNE;972
3180;97300;CAYENNE;973
3181;97354;REMIRE MONTJOLY;973
3182;97310;KOUROU;973
3183;97351;MATOURY;973
3184;97320;SAINT LAURENT DU MARONI;973
3185;97438;SAINTE MARIE;974
3186;97417;SAINT DENIS;974
3187;97400;SAINT DENIS;974
3188;97490;SAINT DENIS;974
3189;97460;SAINT-PAUL;974
3190;97434;SAINT-PAUL;974
3191;97470;SAINT-BENOIT;974
3192;97440;SAINT-ANDRE;974
3193;97419;LA POSSESSION;974
3194;97410;SAINT PIERRE;974
3195;97424;SAINT-LEU;974
3196;75003;PARIS 03;75
3197;75001;PARIS 01;75
3198;75008;PARIS 08;75
3199;75006;PARIS 06;75
3200;75007;PARIS 07;75
3201;75005;PARIS 05;75
3202;75010;PARIS 10;75
3203;75009;PARIS 09;75
3204;75011;PARIS 11;75
3205;75012;PARIS 12;75
3206;75013;PARIS 13;75
3207;75014;PARIS 14;75
3208;75015;PARIS 15;75
3209;75016;PARIS 16;75
3210;75017;PARIS 17;75
3211;75018;PARIS 18;75
3212;75020;PARIS 20;75
3213;75019;PARIS 19;75
3214;75004;PARIS 04;75
3215;75002;PARIS 02;75
